0,1,2,3,4,5,6,7,8,9,10,11,12,13,14,15,16,17,18,19
0.8552481548849858,-0.38043379735727334,0.0,-1.6152305461911918,-1.0973169569474996,0.7685864281585596,1.0,3.0,0.0,0.17482765868763375,-0.47642241031980753,-1.3977360729606358,0.0,0.9929254223791646,4.0,4.0,2.0,-0.906337947955971,0.0,-0.9401069238986034
-1.5975965372922758,-0.22372192761491927,1.0,-1.3396405500971797,-0.5961333216642376,-0.6189921732227597,0.0,4.0,0.0,-0.6879171194994789,-0.6266466078227723,1.4400193055095043,0.0,0.6805817424967328,2.0,2.0,2.0,-0.47096737546439427,0.0,0.301240590063564
-0.5576705509076177,-1.1063486992799696,1.0,-0.802834496569988,0.13642922122382733,-0.6760315355427158,1.0,3.0,1.0,1.0830016776147366,1.5557707030467407,0.07621773036392326,1.0,1.5267466386377455,6.0,3.0,1.0,1.462427919648605,0.0,-0.2710062964048153
-1.6072121725410369,-0.6429950779824805,0.0,-2.1939798647331874,-1.5241755378770163,-1.1170849983861706,0.0,4.0,1.0,-0.5807304881962557,-0.29769063848987515,2.5860354177957987,1.0,-0.5868956733043976,3.0,2.0,2.0,-0.3418998573075261,1.0,0.7714948306093818
1.6083101396280957,1.3695918303759391,0.0,-1.5009689032019544,-0.3289951813364344,0.04552231213598403,1.0,3.0,1.0,0.055960562426593065,1.3409956253759543,0.6589872068670197,1.0,1.6622498198605182,2.0,0.0,1.0,-1.3656955535121464,0.0,-0.21191494994254256
-0.1841649067934169,-0.18307956754174776,0.0,1.7477176272588653,2.19482842816767,0.9042674305300095,0.0,2.0,0.0,0.7713638448765541,-0.19417215220337916,0.37744694638607873,0.0,-0.5587147004541048,4.0,4.0,3.0,-0.9214824941222769,0.0,-0.1929113830567513
0.23993852442039787,0.20884535046183184,1.0,0.24733742130237404,0.774122561255845,0.6612494571960333,1.0,3.0,1.0,-0.766668351656772,2.4011493940121014,1.1385814729545292,0.0,0.5882956180799365,4.0,5.0,3.0,0.9196711554042343,0.0,0.39242944148504993
0.2468855870001999,-0.573408319888574,1.0,0.2470313533306602,-0.19443689825201804,1.611049644736488,1.0,1.0,1.0,-2.860385187211007,0.4051567901583172,2.540562535302512,0.0,0.9631886773972418,4.0,1.0,1.0,1.6108187364525342,1.0,1.0116955489012864
0.33064746090882735,-0.15570728134813264,1.0,0.6058446905683079,-2.290148711937871,0.7240623099376273,0.0,4.0,1.0,0.5215498072059475,1.5267807308379036,-0.04369499140686064,0.0,-0.6402538854296177,2.0,0.0,3.0,-0.465023231615023,1.0,0.5966344591447005
-0.08643966271593323,0.1029299993261378,0.0,-0.0757873965212503,-0.3751047700946205,-0.13280251259901027,0.0,0.0,0.0,0.41711047879607405,-0.4152722801481674,-0.372493644562418,0.0,-0.20315246006124332,2.0,3.0,4.0,0.14886260359212697,1.0,-1.4847796652781229
0.060630240664223845,-0.7310088742832498,1.0,-1.4339034296635969,0.1928373698409044,-1.372534883761525,1.0,4.0,1.0,-1.437838535588508,0.2849524192891587,1.5079699395843864,0.0,-1.6185625193574718,2.0,4.0,2.0,1.337202348714265,1.0,1.1235581744542766
1.578703495831672,0.15327095101945923,0.0,0.013404840832508582,-0.2273583253931858,0.4918710331937737,1.0,0.0,0.0,-0.6203906692476727,-0.1959296891312641,1.1842948893066556,1.0,-0.8574833332300046,2.0,5.0,2.0,-0.22797965872242684,0.0,0.7197015815023724
-1.845314544414045,0.09287277590785488,1.0,1.2195699061990557,-0.41465578483273163,1.0580577057879557,1.0,3.0,1.0,0.9627837211104923,0.3086343507200432,0.9193958461543558,0.0,0.3941409376899238,1.0,1.0,1.0,-0.9078360691731449,0.0,-2.338449204319373
-0.6519823023035896,1.3040231968294658,1.0,-1.6662159614748513,-0.6102809183085842,-0.6716735266552427,0.0,4.0,1.0,-1.6764837918056752,0.567943611289343,-0.026201815611932393,1.0,0.37494454305766334,3.0,4.0,1.0,1.24818044698369,0.0,0.9755125146054903
-0.6988726245344354,-0.7749686401938145,0.0,-1.7761928179661688,-0.12305985951509635,-0.46280084312589975,0.0,1.0,1.0,-0.051217139566639446,0.07810797672433302,1.345316546093059,1.0,0.006230033075636192,3.0,2.0,5.0,1.4295547966359312,0.0,1.359080800826264
0.38346858381905846,1.4134652859562473,1.0,0.08544430988810135,0.20659255938553933,0.20095006082988198,1.0,3.0,1.0,-1.5267831599692092,1.102117123230229,-0.076629411797842,0.0,-1.9613049190567202,0.0,3.0,3.0,-1.8548999170661102,0.0,1.9763307300414905
0.7031096787337244,-0.22653566207454812,0.0,-0.42583308889171384,-0.10980724302793275,-0.38760671579127104,0.0,2.0,1.0,1.5016733234537192,0.03299558976709836,-0.7414551264686374,1.0,0.278965049765037,3.0,0.0,2.0,-0.1613891209988315,0.0,0.1322069080143673
-1.3266246930463421,0.5595816683277819,1.0,-0.2881764436635902,0.9135026620966064,-0.23003552348221637,1.0,2.0,1.0,-0.28163841571518733,0.05505354414270218,1.4310346081348488,1.0,-0.08284130679933314,2.0,4.0,2.0,-0.13426454887396483,0.0,2.5278515349205875
-1.0631139863661234,-0.2220483208829782,1.0,0.1536504914158178,0.03655576715613184,-1.236584575149896,1.0,4.0,0.0,-1.7365907116796528,0.18994902915463216,1.3356347154101034,0.0,1.005736682821703,3.0,2.0,3.0,-0.024859770821239302,1.0,-0.15592085906325379
1.4237446741738393,-0.021644263880344246,1.0,-0.3300967583823227,-0.6319891567784964,1.8851037734543605,0.0,2.0,0.0,0.8545975641397768,-0.992066067486078,1.5195892481988418,1.0,0.2892607842127843,1.0,3.0,4.0,0.3660318549517668,0.0,0.46351291891913277
0.7349794973601301,1.9396563019272834,0.0,1.0117199643719679,0.5399169013964998,0.4502403025801461,0.0,3.0,1.0,1.7979470548855043,-0.8603215407476977,1.1455762354641519,0.0,-1.5504056703783982,1.0,4.0,4.0,0.3299589461349357,1.0,-1.0014227773342694
-0.8463688341495208,1.764583430058721,0.0,-0.8589199980959865,-0.25496942257634775,1.1543183176095864,1.0,1.0,0.0,1.8104438063883945,-1.216561497042739,-0.15167571807894542,0.0,0.22462688901627165,3.0,3.0,6.0,0.13103533865441605,0.0,-1.4152738619502294
0.5334006803048856,1.7968030655110214,0.0,-0.6460673016988187,1.4466723560768915,1.1294891629421921,1.0,4.0,1.0,-1.5496726499096325,0.7281411074661773,0.49649524858510113,1.0,0.5110047626401867,1.0,7.0,2.0,0.008916838568990995,1.0,0.6668528152817458
0.3348537865086734,1.3029190183787984,1.0,0.7643962276231763,-1.150962467023276,0.9665466484257327,0.0,5.0,0.0,-2.690460367160651,0.7048630761214302,-1.0156190201831026,1.0,-1.98988248105338,4.0,3.0,3.0,0.9973482951899205,0.0,-0.8795172866196742
-1.3311886571422054,0.5675817581792849,0.0,0.32597089945157987,-1.7131976004294298,0.5972414882191117,1.0,5.0,1.0,-2.0362237446090257,-1.1886230968252889,-1.1761092263722441,0.0,1.3140778488194689,3.0,2.0,6.0,-0.27723763164244786,1.0,-0.5149676628419393
-1.2774253589702267,-0.22806126786222838,1.0,0.6717916763107252,1.3663673337395108,-0.7224745498408586,1.0,3.0,0.0,-0.05374004905606938,0.5560167686045908,-0.24623705217441572,1.0,-0.2660116821501602,1.0,2.0,4.0,-1.5712493407040888,0.0,-0.18063104207403075
0.790424485790481,1.5559572935231036,0.0,-0.9862539992226679,-1.070797255970708,0.14958384661277965,1.0,3.0,0.0,0.5364439828266644,0.21127440014789467,-0.22743202987792202,0.0,-0.16335234788065311,4.0,1.0,6.0,0.06654035262507263,1.0,0.2937776129585404
3.5415463956560274,11.274459796597412,0.0,-3.1381640630924483,-0.4232168350949933,-7.59944993727098,5.0,15.0,5.0,-9.539293587453448,-6.474685267348258,2.2677343167174167,5.0,-1.3148300026330917,15.0,10.0,0.0,-2.7927633666224856,5.0,-2.088567671895083
-0.3147550935953178,-1.9016850062479749,1.0,0.763727274891536,0.575760551233399,-1.0827890865654064,1.0,4.0,0.0,1.1732583449143175,-0.1004925786306106,2.9730303075816145,1.0,0.1590308826444544,2.0,4.0,4.0,0.76606821695256,0.0,-0.11021943937422068
-0.3521578818129722,0.41541752961047856,0.0,0.25087759780950375,1.0330299860386956,0.03752325514075384,0.0,1.0,0.0,-0.6619691162169223,-0.9137066593508483,0.1136693429572117,0.0,0.4860411731413943,4.0,4.0,4.0,-0.5605191065385723,0.0,-0.15467424431832488
0.5634441722295052,-1.2130443544712766,0.0,-0.07754118833138943,0.29023212192147263,-0.15703286095469957,1.0,3.0,0.0,-0.3118889072633626,0.37590263895349935,-0.8940419914854993,0.0,0.9357795244682575,2.0,0.0,2.0,0.1351944391071469,1.0,1.2341290558789535
-0.8621938082366136,-0.4659483140683011,0.0,0.8964296281271182,-0.8247723971541667,-0.03345299814459531,1.0,7.0,0.0,0.229888091173752,0.585194229297289,-1.3270655728216358,1.0,-1.085823756231598,1.0,4.0,4.0,-0.3579537021818664,1.0,-0.523622718700152
0.11912827407319475,1.1185968129101989,0.0,0.18937498495603458,-0.5202625465473025,-1.4195394992434014,1.0,4.0,1.0,1.0857025353730636,-0.6877864308760839,-0.8843812333590495,1.0,1.4193960979185687,1.0,3.0,9.0,0.5461277394290098,1.0,-0.1623648571253073
-0.2475425740576473,1.5166114511752962,0.0,-1.3521051619770768,1.0285975706926513,-0.16161705395254297,0.0,2.0,1.0,0.11573252530939458,-0.3661639271719553,-0.9867587091853289,1.0,1.168799499056551,3.0,0.0,4.0,0.37402828743079297,0.0,-1.4059823702431877
1.653911854235745,-1.5979623904667088,1.0,-0.5054072530062653,-1.2324798106002293,0.35788964535002826,0.0,7.0,0.0,0.6572798300406585,0.31665966469539447,-1.0510562390382379,1.0,0.6253179223504419,2.0,1.0,2.0,-2.1376806202128362,0.0,1.2704963844479098
-1.480556785979495,-1.2695258374465397,1.0,0.5187532825124467,-1.690246613224399,0.4403314830091849,1.0,2.0,1.0,-1.7094417444660148,-0.7760675574595831,0.07856895522038576,1.0,-0.07787332537499331,3.0,3.0,2.0,-0.2302019584547731,0.0,-0.40417279121136634
-0.291322731578951,-0.2975622088284364,0.0,1.106552775134394,0.28015479278817135,-0.3542781863534865,1.0,3.0,0.0,0.6297123130953384,0.6131867382931118,-0.35783710921794715,0.0,-0.2106510253246453,4.0,3.0,0.0,-1.4682345665342766,0.0,-0.6372587497775423
-2.357370395351567,0.23188756640978367,1.0,-0.9038272995611504,0.1914564267585901,-0.9218048715126663,0.0,3.0,1.0,-0.6598748964998501,0.8745401578973645,-1.0487437822957772,1.0,0.9431103766993126,4.0,2.0,3.0,0.4912917497761562,0.0,-0.3806917416057074
2.5742493446932024,-4.483279899851141,0.0,-10.872616535849248,5.7996501105820055,9.78963127401281,5.0,15.0,5.0,-0.06598163312449111,0.4242829097058218,-4.398137641542438,5.0,6.454690661298855,0.0,5.0,5.0,5.110962987698034,5.0,-3.8505944405755663
0.630983692687537,1.3412469065151449,0.0,0.8586588180787944,1.736208106873444,-0.6440266449339215,0.0,3.0,1.0,-1.2387545215057851,-0.4618181329854658,-1.69569986503529,1.0,0.23372937051669535,2.0,2.0,2.0,0.15951702501648066,0.0,-1.0881052244706768
-0.532714031828448,-0.4486975292321481,0.0,1.2334498300703753,0.12123133749446324,0.0019810413204215437,0.0,4.0,1.0,-0.8440222380926721,-1.0882253294872655,-1.4485419569338613,0.0,-1.252724456344866,4.0,4.0,2.0,0.030054664768109387,0.0,-1.7673855937909955
-0.15043032800416573,0.45429676944733827,0.0,2.4888713599707044,1.20581775292129,1.623994473823409,1.0,2.0,1.0,-2.111226351527034,0.10993894294165794,1.1496932220752643,0.0,0.43441224650074417,2.0,1.0,3.0,0.9080922803263866,1.0,1.3678668062770034
-0.778384766233703,0.2516856612638283,1.0,-0.3486207992113482,-0.3385512038222732,-0.49102228805665754,0.0,0.0,0.0,-0.5549412834956589,1.7638481397007126,0.10088617265061492,1.0,-0.9808648876697463,3.0,3.0,5.0,-0.8329430799499555,1.0,-0.32651276564411985
-0.09498453598299916,-1.1987476896310023,1.0,0.21352962151505608,-0.0851833628811834,-0.2230465682707729,0.0,4.0,0.0,1.0774010083530716,-0.35632255294091064,-0.2628380293898769,0.0,-0.8530898141254352,1.0,4.0,0.0,0.05106817886561966,0.0,-0.23259381737366766
-0.9021195836522705,0.15063631926625884,0.0,-0.38103321341095553,-0.08325652675421474,0.08997141494057996,0.0,2.0,0.0,0.2887197692961436,-0.34663966441303157,0.7832932447357601,1.0,1.7253712964868881,4.0,1.0,1.0,0.9825585804755076,0.0,0.6613367125387153
0.0782250969012424,0.34208590763299784,1.0,-0.21820885767959858,-1.2399756480195419,0.5731601351501556,0.0,3.0,0.0,-0.6915020707696696,-0.11122477546706236,-0.8213031626288148,1.0,-0.5079124082724884,2.0,4.0,3.0,-1.1940791682105296,0.0,0.13228109763220383
-0.16383358821539207,-0.1813292274801644,1.0,-0.07824279127575627,1.4186573422104096,-0.13322324506968333,1.0,1.0,1.0,0.11548601837202652,-0.899026374963623,1.587173452515242,0.0,0.6423414415467126,2.0,5.0,5.0,-0.14764763933574568,1.0,-0.3596667393018813
4.572375265968407,-0.9509882200373787,5.0,6.3853623546476594,2.1790589372164018,-1.2524041112932751,0.0,10.0,5.0,-2.1577993124442227,-7.369380747317013,4.316050751064382,5.0,-0.21487490980755405,20.0,25.0,15.0,3.1638450380008134,5.0,-1.4034305113618126
1.2229464896936588,-1.9137672003841633,0.0,1.042911565993687,-0.7029739460574006,0.5424284191122976,0.0,1.0,1.0,-0.4990469919917586,0.4457908488129086,-2.057777680979258,1.0,0.3035461216239039,4.0,6.0,5.0,1.0990830875332713,1.0,0.19216172922244784
0.12170489739292505,0.8954184050726792,0.0,2.2064232345499346,0.004436645348266415,1.79715245480732,0.0,2.0,1.0,1.4750265903161615,0.17134634320617215,-1.2581217228282275,0.0,0.6791415985977396,2.0,1.0,2.0,0.08202032994593482,1.0,0.8203945922714388
-0.3778509783494267,-0.18435937704031743,1.0,0.9737565577127953,-0.2214283447151763,0.38961175932876124,1.0,3.0,0.0,-0.8668728337683745,-1.719905146732164,1.0570125477422956,1.0,-0.09895637469296031,6.0,2.0,2.0,-1.5768896559748633,1.0,-0.5377454283149502
1.1815687010797584,-0.41297424744930505,1.0,0.15019484740267827,-1.1556458268301102,1.2636206465554756,0.0,3.0,1.0,-0.23292448761831497,-0.9190742580620693,2.7852787542802093,0.0,-0.2410049238295673,2.0,4.0,2.0,0.01714705344231623,0.0,-0.16986280435622073
0.27873336793645914,-3.2509674220032347,0.0,-1.0910218198300266,0.00685998445903613,0.6233354523110964,0.0,1.0,0.0,-0.9784607626292513,-0.7732276548239045,-1.1426341487863803,1.0,-0.4011289508510849,0.0,2.0,2.0,-0.3660415145056883,1.0,0.809925017544231
0.6458111582675715,-0.19341951865430398,1.0,1.1371482495707415,0.48624830863273993,-0.41492603752418195,0.0,6.0,0.0,-0.19318331616542775,1.5903204381991287,1.1180583702850337,0.0,0.3933868017313979,2.0,2.0,7.0,0.47483438513018633,0.0,0.9570900679109539
1.1123457906009029,-0.5773380911190304,1.0,-0.2921661247468756,2.559847239436731,-1.0770029423281153,0.0,1.0,0.0,-1.0929406140848577,-2.281634609423368,0.7491967162215565,0.0,0.30876391400546094,2.0,4.0,4.0,0.8233253379629457,0.0,0.15683527677000264
0.3643895950377573,1.126296518034887,0.0,0.2860274733021699,1.1721521677806646,-0.3083699028472303,1.0,3.0,1.0,0.12304665651108297,0.3281801915390997,2.1696283840045334,1.0,0.768943286867396,7.0,5.0,1.0,-1.030159042254241,0.0,0.9139724036302622
7.227585756934572,-1.3411902245762775,0.0,5.769030619346055,0.030606191692195216,0.13500194931075157,0.0,10.0,0.0,-0.7785190329688406,-3.4322654218331365,-3.5752033732542725,5.0,-4.35380689454072,10.0,5.0,10.0,5.822022540669539,0.0,-4.6257063400366665
-0.31802122199429744,-0.10678971320026893,1.0,-0.2587651755568779,1.4476465878722045,0.20682092509746824,1.0,2.0,1.0,0.24425774830722358,-0.6272255925586507,0.42375197336116255,1.0,0.42946433720418226,3.0,2.0,3.0,-1.0202510153599136,1.0,-0.5068883384996894
-3.1304179496620645,0.3058770733096855,0.0,-1.0641350051705114,-2.872419683473196,-3.1910325332894556,0.0,2.0,1.0,0.8320020812879843,-1.5515422896945417,-3.3472396125498367,0.0,1.0248337611410496,4.0,1.0,3.0,0.3674289686916856,1.0,0.06939439037123234
-0.7100985584946033,0.7384753855199164,0.0,0.6609059284613551,-0.7887384885704288,2.3588145098444726,0.0,2.0,0.0,1.8954104733002954,-0.016172987876777806,0.5600060856497611,0.0,0.35561918065493064,1.0,1.0,3.0,-2.7163313835433613,0.0,-1.5244734832832962
0.6544784945754145,0.053293223934270904,0.0,1.3256953888706071,-1.07763593801584,-0.3941863808066888,1.0,8.0,0.0,-0.5793027766904575,-1.7885242210758672,-1.3458789112747918,0.0,-0.5275230716874619,3.0,3.0,2.0,1.84981765590817,1.0,-0.5688193471471393
-0.507056516170038,-1.981479343722693,1.0,-0.15513704984863957,-0.9282915422798758,0.961292332513164,0.0,6.0,1.0,0.8230743543198091,0.9052275255204907,-0.3271850709461218,1.0,-0.06515862676455694,1.0,6.0,1.0,-0.5809327702893768,1.0,-0.01842027906491986
-0.23326874232529884,-0.32358989674853506,1.0,-1.249551656086071,0.19042668980470365,1.3562359728507842,1.0,6.0,0.0,-0.9323571084348732,1.2796126784201005,-1.4640674939130471,1.0,1.6627519792238297,3.0,2.0,4.0,1.4335591143781548,1.0,0.6433483597867383
-1.5112405265254316,0.22972824821312637,0.0,-0.5466353857507668,-0.6402669574986732,1.7884666144799013,0.0,6.0,1.0,2.163111713530395,0.77439106293919,0.5490916848554748,0.0,0.09611964103268737,1.0,6.0,4.0,-0.0019851645118749385,0.0,-0.5461967524339092
1.1989519550843668,-4.588806419662356,5.0,-10.512981007348937,-1.2437120757160338,0.03874968254166248,0.0,0.0,5.0,-0.7231191349817458,-10.438106303561167,-1.6519904286816633,5.0,-10.408952826003784,45.0,20.0,10.0,6.166843124331224,0.0,-9.742765552489228
-2.1045514898547633,-0.6800785224997902,1.0,-0.7088988605605868,0.1487087035710193,-0.04739255226724229,1.0,4.0,0.0,0.29590101161838805,0.4039159727336698,1.6686123493019196,1.0,-0.6842517842819985,1.0,2.0,1.0,0.3125694396903206,0.0,-0.4239632594896053
2.823822235842911,2.2007397085522973,1.0,-0.012661749631594152,0.9976426876409263,0.407522370535913,1.0,4.0,1.0,-1.8855195933045321,0.6474089072888107,-2.114983642723785,0.0,-0.5692699905459382,4.0,3.0,1.0,0.5759619987274123,1.0,0.39203917600809474
-1.135782329089199,-0.045930627185718505,1.0,1.1213143202293134,1.7130964479750312,0.050533254138881545,0.0,2.0,1.0,-0.001524603874502825,-0.5657516989792462,0.4029497557221759,0.0,0.6680258347922,6.0,1.0,4.0,2.5370800960446322,0.0,-2.2438161143615414
-0.5975378470389722,1.871671419602019,1.0,0.05715456515439282,0.19190240231950262,-1.1683474750205667,0.0,4.0,1.0,-0.28753975298292417,0.619588397229935,0.17551569836748127,0.0,-1.482665157373684,3.0,1.0,2.0,1.1248274555332416,1.0,-0.01972543161258352
-0.39946026609773233,-0.6300462835965046,1.0,-0.37704620075989037,-0.5009113893680395,-1.1750867077099016,0.0,3.0,1.0,-1.9124195317211907,1.8556163347957892,-0.6852504824967192,0.0,0.06576413976300648,5.0,1.0,0.0,-1.66251259245945,0.0,0.7436082539584843
1.0630218331414896,0.40240659995611333,0.0,0.6720631053371442,-0.9245051508271046,-1.2713661756429901,0.0,7.0,1.0,-0.4688635993922997,0.25703539917963514,0.13102380191533536,0.0,0.461353531639031,1.0,3.0,4.0,-0.9399560582444177,0.0,1.9255680633740684
0.3506288860101781,0.1937616392300551,0.0,-0.389438391486638,0.0030869781255828906,-1.1329427521651358,1.0,3.0,0.0,-0.4155234937536533,-1.5519625441308014,1.1109515033282893,1.0,1.1015243248394488,3.0,3.0,2.0,0.2655212396256756,1.0,-0.7881041824431969
1.7727348508864937,-0.30641295976057353,0.0,1.3977996044526857,-1.0664864666798866,-0.08240079730685167,0.0,2.0,1.0,-1.2609656232812254,-0.6219791339072236,0.22446134341792556,1.0,1.12865925856322,4.0,1.0,5.0,0.903169710236064,0.0,-0.06052400346013975
-0.01611389973339945,-0.537864259172244,1.0,0.6470461109496283,-0.6266816353506578,0.15960227885711661,1.0,4.0,0.0,0.21976838438032398,-0.8906301419438771,0.5409220780265875,0.0,0.7348969153885104,1.0,2.0,6.0,-0.244098357931308,0.0,-1.143015615605276
0.45350908854979005,0.5962913811748565,0.0,0.43709644585005075,-0.49049376052299704,-0.6781330162169126,1.0,4.0,0.0,-0.467983019553888,1.3350323240377404,1.4278779171171296,0.0,-0.03676167885558851,3.0,3.0,3.0,-0.2678530296218291,1.0,0.6548710108510748
0.9315344464665157,0.25472991687452917,0.0,-1.960164047627054,0.37468522071615196,0.9914809751181235,1.0,5.0,0.0,-1.458907370513092,0.942856939057479,0.27209554603169606,1.0,-0.24204547847808988,4.0,3.0,3.0,0.7363499739458466,0.0,1.5740588120675731
-0.9242577854078231,-7.777250852518539,5.0,8.182243544000457,-8.125140107350076,-4.919540994341817,5.0,20.0,5.0,1.1147035614982852,-9.117683659132936,-9.49350402311487,0.0,4.117274672059562,35.0,10.0,25.0,-3.4896775229819577,5.0,2.3944067634359962
1.2758507109642718,1.0058912744969208,1.0,0.15691109839748132,-0.7651954034772295,1.0915992348852386,1.0,3.0,0.0,1.7516376205954707,0.8832931408053735,-0.9419994045668441,0.0,-2.50662293010639,4.0,3.0,5.0,-1.2510327026991945,0.0,0.312657357431482
-0.2526617521155,0.35380088389513975,0.0,0.7975464554700599,-0.1264643350638944,0.6759967154487544,1.0,4.0,0.0,1.6101098381843963,-0.7216042192943394,0.12987110222219767,1.0,-0.9502680912016954,1.0,2.0,1.0,0.17451007881212086,0.0,1.700658245282106
-1.7042263676774507,0.1616572569491977,1.0,1.6443814046297978,-1.802663316324463,-0.02988571181634817,1.0,2.0,0.0,0.44065824970131134,1.6171153370723508,-1.9337046707675003,1.0,-0.635916444265172,2.0,2.0,6.0,1.389671989198031,0.0,-0.4632195824619278
-0.6925288575940288,0.164722864942239,1.0,0.09136294717785094,-0.5666395071509389,-0.33531547686763535,0.0,3.0,0.0,-0.7099706820132682,0.8035827564862803,0.26788312991898366,1.0,-0.0683932243960479,1.0,3.0,1.0,-1.3160508608983823,0.0,1.0119971177592055
-1.2431151209151587,0.2646331328250298,1.0,-2.36842760448079,-0.8817858254948424,0.26999722487241296,0.0,4.0,0.0,-1.6529624342653089,-1.2116785923946631,-1.3095996204179299,1.0,1.9718569644998982,1.0,10.0,1.0,2.0629984901926677,1.0,-0.25675632033531237
1.0363478273436382,-1.6034769582419648,0.0,-0.2061777410741214,-0.30646862534995284,-0.2891491779309626,0.0,0.0,0.0,0.27687989130772406,0.0492202090663005,0.08565656553331763,0.0,-1.579927643072771,4.0,4.0,0.0,0.7261679813075994,0.0,1.8519662716401526
-0.7205584515805757,-0.5252512664696066,0.0,0.18454129768558247,0.17530299394534649,-1.4927561983341047,0.0,2.0,1.0,-0.221526187637733,0.04149460735846209,-0.7501879839027339,1.0,-0.6204493003348064,3.0,3.0,8.0,1.4411109233856187,0.0,-0.6729850335679358
-0.8987748094932713,2.343545169214016,1.0,-0.47263700411838633,-0.5282739837844427,0.5061322156310695,0.0,4.0,0.0,1.7691908624887183,-0.6584580467924978,2.534740529454233,1.0,-0.32331343924564687,1.0,3.0,3.0,0.9731487280981698,1.0,2.065847029433111
-0.18563487908667803,-0.06672015571612328,0.0,0.607002209068326,0.15180951492241643,1.1613919916437494,0.0,1.0,1.0,-0.07132818540841425,1.7229174611358524,0.09600473854272201,1.0,-0.0063958062577165855,0.0,6.0,2.0,-0.6381152149084444,1.0,0.7412306508881819
-0.6452512385435217,-0.24635853976757083,1.0,-0.9895049825956744,-0.27596011304694124,0.5811519561238407,0.0,2.0,0.0,-0.010044970133327662,-0.40199462251182133,-0.03974750043940714,0.0,0.16390277002525655,1.0,1.0,3.0,0.08447914353246286,0.0,0.4610538061269148
-0.014030311979289736,0.2958024561963991,1.0,0.4919107658524988,0.8293238546441121,0.16164732479243943,1.0,5.0,0.0,2.3567439951005533,0.6349327831298686,1.7489726930973666,1.0,-0.3210563264278931,3.0,5.0,4.0,1.0872678253148567,0.0,-1.1005720897213076
-0.43598653506284124,-2.18210856650895,0.0,-4.353199086242579,0.7507691551546254,1.4238539609494074,0.0,20.0,5.0,-0.4895386632259435,-5.6582560259833725,-1.423375764095528,0.0,-3.712997008377582,5.0,15.0,10.0,2.4130797798555887,5.0,-4.254629738331343
0.6443070339661837,0.2788496606801558,1.0,-0.09278037953530445,-0.052983051003299135,-1.2933365578012361,1.0,3.0,1.0,0.5923416541209626,0.7879415515967201,0.8776105859000033,1.0,-0.9682468801477585,5.0,4.0,6.0,-0.5272802892099915,1.0,0.9595076953464238
-15.698475107438533,10.005507963408583,0.0,4.0142259758429235,2.211069436029327,3.3548710829431405,5.0,20.0,0.0,-2.3493693936069704,-3.1935816449056142,1.1668040083996103,5.0,-8.64822272150396,0.0,5.0,5.0,9.534764025874425,5.0,3.4964650546735347
-4.358837999205178,-1.6132460232960661,5.0,0.12432024758376002,8.238058113743923,0.12056312456594984,0.0,15.0,5.0,1.6438497383359418,1.7686901867216478,-0.7467025533782423,5.0,-2.429800358022582,10.0,10.0,5.0,0.9538092329920206,5.0,-1.25040902316641
0.40464536042854865,1.1823652951431614,0.0,-1.2095943172636892,-0.9613999270761185,0.14108099907106744,0.0,0.0,0.0,-0.6182794536987102,0.9556433804900704,-0.22606197289876284,0.0,-0.8979495295315069,3.0,2.0,4.0,-1.9388465945648425,1.0,-0.6010497501031167
-1.7333576248478082,-0.7495439396726749,0.0,-0.05155097514403584,-0.7557042567703126,-1.5743069347479093,0.0,3.0,1.0,2.0972622360143562,-0.4845410705721249,0.20915512337902084,0.0,-0.8660979753222697,3.0,6.0,4.0,-1.4118297321678244,0.0,-1.2573576746959882
2.6926743899105925,-8.25347182031362,0.0,-4.736507416981929,4.986025862642224,-6.060048718548382,5.0,20.0,0.0,-4.559091466291464,9.322969705979334,0.8934590783952502,0.0,-10.014053450283207,10.0,10.0,20.0,2.472434132065201,5.0,-4.301919784590342
0.036618126737653994,0.3880689566062679,1.0,-1.5458985581348479,0.5484987158477592,-0.12339204393667719,0.0,4.0,1.0,0.33963015688578413,0.08345381728050823,0.40601256150480924,1.0,0.6617586199690287,6.0,2.0,2.0,0.5867083087469247,1.0,0.6239189116271711
-0.906019133017973,-0.9269132229669209,0.0,-0.2665345645681457,0.4233875528462662,2.097065812918889,0.0,5.0,1.0,0.3187027476292115,-0.783854513408669,-0.6009976694424801,0.0,-0.8159847974730983,1.0,4.0,3.0,-0.6557732263195114,0.0,1.6837452063746767
1.7018030473669565,0.5352749867661465,1.0,-0.35775514491429733,-2.5842030873458195,-0.7214420540619262,1.0,3.0,0.0,0.5734891497058482,-0.6320772837661398,-1.388046379955633,0.0,1.532581252988582,1.0,1.0,3.0,-1.4452760198060788,1.0,0.03731429726749407
0.30936577275255067,-0.015799869173576994,0.0,0.3399061488658097,-0.20356732123385596,-0.49125259606281624,0.0,4.0,0.0,-1.6154640961653173,0.4527510033848737,-0.2472694333512598,0.0,0.8901556184520779,3.0,3.0,2.0,-0.2835975044804274,0.0,-1.5854302590028795
-0.023088615931174505,1.3311055705271684,0.0,0.48440673340984364,0.6269982104259425,-1.010219941315695,0.0,4.0,1.0,0.666851036069557,-0.20382768747020327,0.13558163018519948,1.0,-0.2836825523389529,3.0,3.0,1.0,1.9318863431115751,1.0,0.4698328290541676
0.7741838889277115,1.2452860848892386,0.0,-1.0281989899341306,-0.4930468228670164,1.0619183958240561,0.0,8.0,0.0,0.5498173696665262,0.9436177682792015,1.26466016256691,1.0,0.9113840554905125,6.0,3.0,3.0,-0.0948760442280358,0.0,0.5488170020535256
-0.7650508992846802,-0.7924521774614137,1.0,-0.1218793392209645,1.318499860305965,-0.9185064356625059,0.0,1.0,0.0,-1.3851255806381186,0.9952314765381787,1.2228012416952507,1.0,-0.4419087761014502,5.0,5.0,5.0,-1.5808078504364003,1.0,1.0116871199681599
0.7507319125426383,0.37378492536368885,0.0,1.7136656946397026,-0.4001742419184195,1.2640896456666486,1.0,3.0,1.0,-1.8804427581249366,-0.9566391025880537,-1.1625944230970326,1.0,0.6542253866358994,5.0,1.0,0.0,-1.2849565082955738,0.0,-1.1642180225266119
1.0834350885532944,-0.18998878697279523,1.0,-0.7021003937302327,0.1475873452704443,0.6555989253227774,0.0,4.0,1.0,-1.2784998715287261,0.6986628494688188,1.23801722630592,0.0,0.914863437625631,1.0,2.0,4.0,-1.0441174784443834,1.0,0.08343375958790335
1.653868303111819,0.8069057180535727,0.0,0.07322839663852027,1.0495188702247236,0.7127247775967228,1.0,4.0,1.0,0.5174716207032094,0.2144703808557585,1.8061231671560798,0.0,0.2545096729708121,4.0,5.0,4.0,0.04887304152788024,0.0,-0.9399328717972172
-0.6017919966889587,0.8350745280161062,0.0,0.9748906805295242,0.7506055486901291,0.856977264420633,1.0,4.0,0.0,1.8888602896806879,-0.9798784026056617,2.0627145269292764,0.0,-1.930691877455242,3.0,2.0,0.0,-0.13423283534632505,0.0,0.4962087388867488
-1.9815878135068292,1.4016769405104283,0.0,1.406009731591709,0.43028701796942476,-1.3423604257798427,0.0,3.0,0.0,0.74218754219167,0.613208174979603,1.222516655316897,0.0,-0.04416319261220078,4.0,3.0,2.0,-0.9080712218515452,0.0,-1.5781128405748888
-0.7776053062545618,-1.4439179244960554,1.0,0.2113969218143767,-0.35912871179712574,-1.5268533975323286,1.0,3.0,1.0,0.1432427917362466,0.1895214601285397,-0.11398540255492642,0.0,-1.198800423220213,7.0,2.0,1.0,0.8765333906972979,0.0,-0.7055240964935365
0.486028184636256,-6.208387915049107,0.0,-9.142079899234968,4.592109383309228,-7.894456481620332,5.0,15.0,0.0,-3.1990039007277646,-7.162647610349201,10.867981123680881,5.0,2.3277395361104993,5.0,15.0,5.0,-1.6682457989699513,0.0,6.100492377370052
-0.27716862609053033,-0.7649411993463862,1.0,0.6628515762527586,-0.7608364279562476,1.3310232969704414,1.0,5.0,1.0,-0.04719438379887097,0.0866748302777668,0.9539760517341297,1.0,1.0754324626504161,0.0,1.0,4.0,0.7567803342213552,0.0,1.2061310939190506
-0.767116291609084,0.1561521638421141,1.0,0.11235727410034199,-0.8457460398026347,-2.630660989006363,0.0,3.0,0.0,0.9838588612810549,-0.694394774901998,-1.642667369896565,1.0,-1.4990067012234072,2.0,4.0,3.0,0.2692572787102281,1.0,0.7892700319755466
0.8039028359095461,-1.1383208972131982,1.0,-0.014960646770819026,-1.4679313813865036,-0.18814936811728697,0.0,2.0,1.0,1.1192613649132925,-2.1518149461398406,0.5454224071262358,0.0,-2.1719104733953873,6.0,1.0,1.0,-1.1359225930850465,0.0,0.7114702702685247
0.9120120702764235,-1.3340441210289273,1.0,-0.4000953885167594,0.47984740180738683,2.2719146946019353,0.0,4.0,0.0,1.074023593637497,-1.0150580479712639,2.1787356070423263,1.0,-0.9633950130144552,1.0,1.0,4.0,-0.26551035822408786,1.0,0.6416391142930113
-2.7411089422172124,6.989753378401295,0.0,-4.012515750244176,-3.6314330760753544,-4.8024506301783445,0.0,15.0,0.0,-1.3213514960129862,-9.076517415619602,5.128842344895686,5.0,-8.036185376909888,20.0,30.0,10.0,-4.302361562037051,0.0,-6.229349916403924
1.9503100631435857,-0.14754908996881258,1.0,-0.5318433509860168,-1.2167909597053521,0.4136846190470783,0.0,4.0,1.0,1.4242718587329946,-2.646564103219824,1.6454111832064404,1.0,0.9047111080991602,1.0,5.0,3.0,0.2017171280383138,0.0,0.36778686773825764
0.20695602318480102,0.3217264731604647,1.0,-0.9081300761835295,-1.0603152562020501,-0.887388784698357,1.0,4.0,1.0,-0.5074419584882817,1.7086933937999944,-0.43976353782451766,1.0,0.31753166934001187,5.0,2.0,2.0,-1.5875890115602516,0.0,-1.4560799482646865
-1.258163924906907,1.0591938832344905,0.0,0.17245841268343218,1.6662045272255577,-1.0726507793977438,0.0,1.0,1.0,0.2388288096016173,0.18551805732471602,1.4415610085349344,1.0,-2.256068415304763,2.0,2.0,2.0,1.8484775147971102,0.0,1.4682410088553108
1.2736010858769573,1.3914929085478573,0.0,0.8272485455621392,-0.46617582922628553,0.02133218964037645,1.0,4.0,0.0,1.1717470582678302,-1.280668874223791,-0.9538794553479066,1.0,0.33862346789695863,1.0,1.0,3.0,1.0062461169291728,0.0,-0.11439100464195857
0.303555854832987,-1.264885266981846,0.0,0.2231043671138535,1.6423841017894025,-0.7112112033791558,1.0,4.0,1.0,-0.018110383894387298,0.729736911453852,0.37604972341112536,0.0,-0.5523760638805338,2.0,2.0,7.0,-2.122651304975387,1.0,-0.15855761807475752
-1.4090257651171039,-0.6574055771811262,1.0,-1.450065438555726,-0.19131949057283876,-1.6342183335353153,0.0,6.0,0.0,-0.0493770064306898,-0.8214947768579988,-3.1669486068003043,0.0,-0.19240795201747776,5.0,2.0,4.0,-0.8793274213126253,1.0,-0.0608350605112309
-0.6434650199248482,-0.43401098939903815,0.0,0.3663603141002998,1.4286434329632296,-1.2939750631519384,1.0,4.0,0.0,1.2158246924179137,-0.02120800865097567,-0.5682001740584207,1.0,1.3150813416366374,4.0,2.0,4.0,-2.5225880649312913,1.0,1.040596123276306
0.20041210359442793,0.7545218587930966,1.0,-0.6971029892680684,0.3865864851652063,0.0571515830830923,1.0,1.0,1.0,0.8214978391948272,-0.17634265855205436,-1.5328179159477666,1.0,0.14881702902828634,1.0,3.0,5.0,0.10374380958800461,0.0,-0.39653012107768115
0.6602650570688667,-0.9409454935514888,1.0,-2.3742625861861812,0.3604405007632561,-0.10608079480828073,0.0,3.0,1.0,0.8920739777435625,0.13855233536483783,0.038576387142411336,0.0,-0.7360262444367235,1.0,3.0,4.0,-2.1066699264806457,1.0,1.307300760707623
-0.91203553533043,-0.5428120122078399,1.0,0.24614161370757473,0.20032459167319663,-0.2841132451860822,1.0,0.0,1.0,0.944570863832855,-0.10170346761633753,0.908836627211658,0.0,1.273867158159698,5.0,2.0,4.0,1.4836594119765174,0.0,-0.21351767576444447
0.296272905569739,0.8163716766012222,1.0,-0.5324904166565039,1.5385201698384596,0.1370325344660268,0.0,2.0,0.0,0.19990074530907861,0.8938845308525366,0.004645476084825914,0.0,0.01591882711256027,2.0,2.0,3.0,0.27081639421029485,0.0,-0.8353217389289895
0.14553794248692414,0.40307164551138497,1.0,-0.31745635382785337,-0.1037003336808011,0.14614854894487103,1.0,3.0,1.0,-0.4045581692799808,0.21349429224139593,0.20836513396473177,1.0,0.014332445028404809,5.0,3.0,5.0,-0.023947182389024185,0.0,-0.8144082536850675
-6.616234586135582,4.816394924315278,5.0,-0.21953309471545923,0.15407170185940136,-6.142295440630549,0.0,25.0,0.0,3.4374530974022495,-6.417814093816543,-7.5558207671176225,5.0,-5.777835164473288,5.0,45.0,5.0,-2.0892532146757676,5.0,4.514747528827003
-0.4145564811960212,0.34328610305001994,0.0,-0.772203294524316,-0.7109163814464422,-1.518217973395312,1.0,3.0,1.0,-1.3866956114181246,1.3423730451736442,0.8974500959716367,0.0,0.04342151779652096,2.0,5.0,3.0,-1.8824704097174527,1.0,-0.8873514380513495
7.784052926466305,-1.9885870798449237,0.0,5.301032170298391,-7.8169478220935416,6.950530671868398,5.0,25.0,0.0,5.487715989964722,6.1166112427873385,0.30889740499077345,5.0,0.022825633686972723,25.0,30.0,0.0,-4.053268850129663,5.0,8.991223512422406
1.5631462569690318,0.23457292814205194,0.0,-1.5089434506894701,-0.801948011887069,0.33915666889529855,0.0,3.0,0.0,-0.10464702894184097,0.35115036842058484,0.090099576157025,1.0,0.7377333808846167,3.0,0.0,2.0,0.14335677757561063,0.0,0.3897615572579705
-0.06373401873446286,0.07752895602375084,0.0,-1.1890595318180355,-0.559853785957012,-0.03049719147809275,1.0,5.0,0.0,0.5259476929840519,1.1984195151256156,-1.3606038812866905,1.0,2.270378800420294,1.0,2.0,4.0,-1.464244889839895,1.0,-0.9046519606659245
-1.0734863114952766,-0.1635383745826762,1.0,0.27991057079447834,-1.2972587912052234,-1.307742392008929,1.0,6.0,0.0,-0.610542266268798,-0.2837253822302418,0.48724815324323123,1.0,-0.11209849565999322,2.0,4.0,2.0,-0.6125935257014137,1.0,-2.1155339467025565
0.8241089905500268,1.2367313791911274,0.0,0.6754302808677269,-0.8955613731855687,-0.8677619397374671,1.0,3.0,0.0,-0.9835704061412661,-1.3997341327489596,-1.0165196766384754,1.0,0.3811320326439233,5.0,1.0,2.0,-1.683774421312654,0.0,-0.5449295909415528
0.04637796873257002,-0.006079229309003154,1.0,-0.9329513755167189,-1.7613917355846633,-1.5697792556568357,1.0,1.0,0.0,2.676026564919814,-0.3023979638324225,0.9614263280825696,0.0,-1.1486540704521817,3.0,3.0,1.0,0.493732302550255,1.0,-3.401874766936289
-2.877587369591947,-0.6495255728765889,0.0,-0.5510459094724655,-0.8184121879726958,1.4767839003521597,0.0,4.0,1.0,-0.10330817341022866,1.3900411430327497,-0.6192309745343617,1.0,0.7070392951226939,2.0,4.0,2.0,1.2361484504568665,0.0,1.0066265977352327
-0.9390504600260542,-0.42888592984303914,1.0,-0.06504884473602075,0.8198992958058541,0.946062027217336,1.0,1.0,0.0,0.3162143767317108,-2.0157591119771836,-0.06721279564865543,0.0,-2.1755249215213586,3.0,4.0,1.0,-2.950666511495415,0.0,-1.160385348477209
1.1643800348831863,0.15757153911094138,0.0,0.21174841909969663,1.3706621509546164,-0.22222965392485705,1.0,5.0,0.0,-1.085081924677681,-0.5888032451606859,-0.43770329423956544,1.0,-0.21674465930208275,3.0,2.0,3.0,1.0408170959512295,1.0,2.183000963328122
1.4970759767050936,0.74602401722402,0.0,0.6878001691744694,-2.2339544418731037,-0.5212839995956327,1.0,1.0,1.0,1.729184034694451,0.419836277850155,0.7442045422301541,0.0,-1.068149418049272,2.0,0.0,3.0,-0.828863832593424,0.0,0.6648413322801972
2.982491736421915,0.8619802668579296,1.0,-0.8469314174567166,0.0689888288404971,1.7552665447701552,1.0,5.0,0.0,-0.2995371553542405,-0.9934063042723864,-0.7121326501867261,1.0,0.6238030287189107,0.0,3.0,2.0,-0.6223027919651679,0.0,1.633259956457572
0.5504461182268993,-0.08632062105466472,1.0,0.47137967339132075,0.20246701644001452,-1.6944828957600482,1.0,6.0,1.0,0.1473693080110877,0.7718110052232919,-0.13287846215543453,0.0,-0.7233806344080597,5.0,1.0,5.0,-0.34136318481014305,1.0,-1.4249175853871912
-3.358094582092738,-1.0080081700744232,0.0,0.34840117646258234,-0.6280660869748382,-1.4724320460058913,1.0,2.0,1.0,-0.16522200757919497,-0.31071410648031395,-0.418733189272089,1.0,-0.539068362827722,0.0,3.0,4.0,-1.6108520958948302,0.0,-0.6424792962037006
0.3666256897929289,-0.0709342486715801,1.0,-0.29689342822569936,-0.8787682166973849,0.040043582641543764,1.0,3.0,0.0,0.630106988836511,-1.7900265669331483,0.25637469866133383,1.0,-0.92302990053079,1.0,1.0,4.0,-0.41536660147052085,1.0,-0.35690112646706257
-1.1166829307515862,-2.566653942158385,1.0,-0.4285347169532032,-0.8148078795825631,0.2875285394125792,1.0,6.0,1.0,0.49756630917284617,-0.41335394869396735,-0.5292468463605586,1.0,-1.5945641572881357,4.0,5.0,2.0,2.140803185271142,1.0,0.8689194714550624
1.378633519041013,-0.14890657515273173,0.0,0.4564257816911604,-0.8290473082375664,-0.6295583585460195,1.0,4.0,1.0,0.6894641875909987,0.1799783490395992,-1.374371499662933,1.0,1.1641135345437503,3.0,2.0,3.0,0.37275051245839586,0.0,0.6793136354200776
1.3742734514127644,-0.23905840041178725,0.0,0.6854731374594754,1.0495490479572427,0.9014276955630338,0.0,1.0,0.0,-0.5501616402169078,-0.8971464348607744,-0.5826246041000865,1.0,-0.6791403997149745,3.0,1.0,3.0,0.9424706192131227,1.0,-1.361698913430417
-1.5425018443964695,1.0682181252731873,0.0,0.9359169630056269,0.8682173192820932,1.0101159795685082,0.0,3.0,0.0,-0.29628809836970676,-1.652797657522211,0.8621765893194803,1.0,-0.07500163225896246,2.0,1.0,5.0,1.2566164935052169,0.0,1.1896473609476186
-0.592483123720042,1.7367270055679593,0.0,1.4907190512624975,0.8378701660449772,1.0703369827392324,0.0,4.0,0.0,-1.4847823734467098,0.022682479784141812,-1.0918179600074867,1.0,1.077175337348311,1.0,2.0,1.0,2.0041085384287705,1.0,-1.698530043268473
1.2747464042811434,0.856860475105942,0.0,-0.3108675179110673,-0.481408389492463,-0.08952496691133277,0.0,3.0,1.0,1.7712962383219755,-0.03920520875797424,1.4287827542906832,1.0,-3.1248864418650624,6.0,4.0,3.0,-0.22791863882077618,1.0,0.7839082968956673
-1.2393616185135061,0.7159248073278286,0.0,0.8194835826220663,-0.8006053670854868,3.6592299985712544,1.0,1.0,0.0,-1.685767639220578,0.5300074318921204,1.8516745029561497,1.0,-0.39116703546241277,3.0,4.0,2.0,0.6358801390211417,1.0,0.3918997310914231
-1.194428453041734,-0.03187901695422043,1.0,-0.6040823772437024,0.31179961900340575,-0.3584178810702539,1.0,4.0,0.0,-1.3831390789701896,1.6093841427184987,0.06645955385379737,0.0,1.3052310759809989,2.0,2.0,1.0,0.5949438324270427,0.0,-0.5495039349955608
0.24840961639672807,-0.19577017227218835,0.0,1.1585511594980311,0.045849022193791326,0.5763191438115921,0.0,2.0,1.0,-1.0294448407156878,-1.2013067905598453,-0.42422317017121774,1.0,0.1510989846592785,1.0,2.0,7.0,0.4329110691282285,1.0,0.8503301867538094
0.01181431499056952,0.06273395882905668,0.0,-0.4325095529954194,0.9056494749858625,0.5319861717742542,0.0,2.0,0.0,-0.6749252798536675,-1.9435481199670208,-0.8353088400914336,0.0,-0.07694739826775356,1.0,4.0,3.0,-0.3161380709110925,0.0,0.9587149230969536
2.5195929070933514,0.19113986985208062,0.0,0.353462734409951,-0.39044031962082254,-0.13689366007838172,1.0,4.0,1.0,0.09273450779792429,0.1529543326743315,0.26005422152792496,0.0,-0.8991072884017223,0.0,2.0,4.0,-0.7571439158334823,0.0,1.3018108144536198
14.116825420415314,-1.3242753724969394,0.0,-6.788406108578514,-2.035524590416313,-0.7551056791071725,0.0,25.0,5.0,6.654917525813665,-2.563161713844903,4.019007222078063,0.0,-1.3946359312758372,5.0,10.0,35.0,5.956453983385355,0.0,-0.12672579012402888
0.2038537823078247,0.8562998960485969,1.0,0.7314687923755673,0.8034342768013806,-0.19076009961089688,0.0,3.0,1.0,0.5225975499205137,2.556288207395538,-1.0756791606886063,0.0,-0.13062906876021144,1.0,3.0,4.0,-0.40931273811482527,0.0,-0.6240554172350542
-0.38328645026523234,0.40006927905389733,1.0,0.30700943774645856,0.15288377778368004,-1.9097736660071285,0.0,2.0,1.0,-0.35476162386731136,-1.9810900724551659,0.022386887330389453,1.0,0.11084992615317621,1.0,1.0,5.0,-0.5319177613953303,0.0,0.23261300254284004
0.12093655372823615,-0.1421933348234327,1.0,0.5921607521050829,-1.70572769088602,-1.8452908927869862,1.0,3.0,1.0,-0.3583336726283447,-0.6220881638471948,-1.2609372804265335,1.0,1.085849915129243,1.0,1.0,4.0,-0.2323934114616404,1.0,-2.154174163948545
1.1409297323377274,1.901302939549605,0.0,0.3144443581556264,1.1985957446367987,-2.4534089037760354,0.0,2.0,1.0,2.156576329775368,-0.7485106253036091,-0.07692011206731408,1.0,-0.06098680575784652,3.0,2.0,3.0,-0.9637210942561841,0.0,-2.317540608725291
0.7403417727523766,1.8503110952404782,0.0,0.39440811418881294,1.8060697130562755,0.7892738795981733,1.0,3.0,0.0,-1.7561084585544458,-0.555190417643324,-0.9321314492654371,0.0,0.6365158919797215,3.0,5.0,1.0,-0.6120557291800869,1.0,1.6073600632560718
-1.2177275304889748,1.8685557924327185,0.0,1.5250275933253679,0.6668995720611312,1.3915340477047533,0.0,3.0,0.0,-1.3642738804139136,-0.030074021356610584,0.05974196893347645,1.0,1.0317001711845293,4.0,1.0,2.0,0.0007395547779590583,1.0,0.5682930095719276
-0.6590774218925374,-1.1636411682471106,0.0,-0.7287419774567853,0.35940804869317133,0.15519303757590658,1.0,4.0,0.0,-0.790720927959244,-0.3031350880925691,0.06093164850026097,0.0,1.2510444168614792,5.0,2.0,3.0,-2.624061297858434,1.0,0.8663262854805709
-3.1869726686724515,0.4575059094011367,0.0,0.27583447807159717,0.9109193508987016,-0.6960946678508099,0.0,3.0,0.0,-1.18339891321448,-1.3493007697702681,0.8124291128714382,0.0,0.21344403538312975,4.0,3.0,5.0,-0.20396449770908828,1.0,1.3272132234371155
-0.10016334979764627,-1.447391556003624,1.0,-0.5353932562675799,0.6520686474632019,-0.07660167921857104,0.0,1.0,1.0,0.34339451729569087,0.7307922027947861,-1.1861059601918165,0.0,0.008762570696827038,5.0,6.0,4.0,-1.3176942977516295,1.0,0.36747545309581303
0.24705785933828317,0.3399979230387154,0.0,0.24411171411001042,0.8130181988973301,-0.6639905169331555,0.0,4.0,0.0,0.30419960598691714,0.04279719115953156,-0.643982399767495,1.0,-0.22668865721727954,1.0,6.0,1.0,1.1975067127668182,0.0,-1.7907537711393666
-1.3444703165911074,1.132217692410051,1.0,-1.6384610969969204,-0.5481642168879199,-0.4363125435407696,0.0,2.0,0.0,0.5807336049872204,-1.2458405029193738,0.8190013260250589,1.0,0.352638149856639,3.0,2.0,4.0,-0.6431713504407128,1.0,-0.7671785260454113
6.195369151679961,-6.265058435961285,5.0,2.026458431458697,-13.743384831363672,5.760759840084017,0.0,10.0,5.0,4.347615424412216,-9.443585705975114,7.094067247019046,0.0,-1.279063065495466,10.0,30.0,10.0,6.864629157672865,5.0,14.312440705074533
-0.3240237935097999,1.1439013519103796,1.0,-0.9763295803549241,0.07404814334540132,-0.9540298887424516,0.0,3.0,1.0,-0.9121476430365588,-0.04875820254284178,-0.6519171040575038,1.0,-0.21882615124649787,6.0,3.0,4.0,-0.3340074803573514,1.0,1.0737515849879677
-1.4432101120046343,1.352283982869538,0.0,-0.13601911300219002,-0.9141869346978956,0.10394130142010509,1.0,2.0,0.0,0.5358243409933579,-0.21758255359229947,1.6394952983146605,0.0,0.3664654814114116,4.0,1.0,2.0,-0.6881802872096048,1.0,-1.459651805992922
-7.470605256667997,-2.2293729763370607,0.0,-9.42312064889091,-2.56788206210888,4.339116711771996,5.0,5.0,5.0,0.38139219499032034,-6.184284714002959,-3.419593616463332,5.0,0.3322999617075262,10.0,0.0,10.0,1.8626687110881492,0.0,-4.550194800960838
0.5792626453800455,-0.4337619052182888,0.0,-0.15144137421814005,1.6100969027986771,0.37097632453917956,1.0,3.0,0.0,0.47510960902131294,-1.1491016421114444,0.11500432214359069,0.0,0.14748733921404406,1.0,1.0,4.0,1.2929551793713563,1.0,0.31357279597496096
0.0840723938657467,-2.230476812612974,0.0,-0.3924667730147768,-0.5906929737788059,-0.36030287519781523,1.0,2.0,1.0,-0.8018847024408823,-0.13003458908678586,-0.34980382488037526,0.0,0.28749825455084704,3.0,1.0,4.0,-0.06831443909321887,1.0,-0.27564159630178
0.8781872960963849,2.3286591063042597,1.0,0.5806770803848511,-0.43697267659075245,-0.9416879307161652,1.0,4.0,1.0,-1.1273071633438907,-1.281214114256121,-0.2550206596453191,0.0,0.714663076091399,5.0,3.0,3.0,-0.03458432776770416,0.0,0.790372958448191
-1.7162149605248704,-0.4520129074383283,0.0,0.23078244989330998,1.01460518432788,-0.4705461547728793,0.0,0.0,0.0,-0.1455747209362366,-0.053037680783263354,-0.2620770825447719,0.0,0.2890215667110245,1.0,2.0,2.0,-0.39729993542316805,1.0,0.7042675962887799
0.0934297302319919,-0.9897502232264187,1.0,-1.539207056908399,0.41224333538139907,-0.3810539421270509,1.0,2.0,1.0,-0.5282591549198081,-0.9434773369836446,0.9577668791514744,0.0,-0.5343498772229235,1.0,4.0,3.0,0.611544780516144,0.0,-0.8484132375579653
1.377347586766553,-0.296774997060144,1.0,1.928303096010345,-0.3141865465341121,1.4962552527045188,1.0,4.0,1.0,-0.6890834265555514,-0.31769420784245506,0.3270184879890997,0.0,1.2645437980463736,2.0,6.0,2.0,-1.890647618771669,1.0,-1.049566341670774
-0.9125548169897482,0.23777604275630013,0.0,0.038861805091695144,-0.8156994066635631,-1.4420193385439009,1.0,3.0,1.0,1.666154343190472,-0.46436556707538146,1.5760545472896315,0.0,0.2273632190455631,2.0,3.0,3.0,-1.2402885843544158,0.0,0.9759410678479746
-0.16401828331961382,1.1784909631230156,0.0,1.305574049015081,-0.026376889543624146,0.7149071578045445,1.0,2.0,0.0,1.4417852607758983,1.1229123595832373,-0.5087312223137797,1.0,0.8569075545352425,2.0,2.0,3.0,-1.6894938038539917,0.0,0.3436328881269319
-1.5563527931006291,-0.8378921785781768,0.0,0.3203197352421623,-0.25145775441766344,-0.11169377105463801,1.0,2.0,1.0,2.716553757872599,-1.1936377355792303,0.9064380067161706,0.0,-0.02403291703395051,2.0,2.0,3.0,1.7033400293139955,1.0,0.3126038747425752
0.19102895216298418,0.1726024958608255,1.0,0.7551559735727441,-0.7776962294554218,-0.4670792385400612,1.0,3.0,1.0,-1.053542390901031,-1.6391357291581703,0.12699341013720797,1.0,1.2396544971394212,4.0,2.0,2.0,-0.41652156348970015,0.0,2.6185356462054536
-0.766899108512816,0.6953353733254566,1.0,0.13383800097421825,-0.4372287502957656,-0.00047245254085450023,1.0,3.0,0.0,0.08248695389498442,-1.2140994380452996,-1.4647536786495259,0.0,0.02004972903424682,3.0,5.0,4.0,0.9274102243787502,0.0,1.7436056045119948
1.8580864562220496,-0.8930527115499606,0.0,-0.5011211083110478,0.32091783722326284,0.9913858869202948,0.0,1.0,0.0,0.36576029133426863,-1.412655595188951,1.5503037711493264,0.0,-0.5646483767525561,7.0,5.0,5.0,-0.5253297672889493,0.0,1.2708033126176488
-1.750586473821599,0.2531099533794731,0.0,0.2512954768075167,-1.3753209850059758,0.8380714877614855,0.0,4.0,0.0,1.0187243339127383,1.0749826307187955,0.8501766981901068,0.0,0.9202183967279932,3.0,4.0,0.0,0.2718733070791313,1.0,0.1964800138717887
0.20136806746014055,0.050774079645279704,0.0,-2.5768833809181726,-0.4087533367168465,0.9401641446283091,1.0,5.0,1.0,-0.4507107646617228,-0.7075780831780538,0.36887360013703313,1.0,-1.5703043209342373,2.0,5.0,4.0,0.3034588708730309,1.0,-0.2761583024673761
0.49805220435044334,0.37909696958957245,1.0,1.1661107755491464,0.4193731843533837,0.6067557215088931,0.0,3.0,1.0,-1.968006197138469,-1.306008402401972,0.5572507064625968,1.0,0.9599496047939723,3.0,3.0,1.0,-1.2641546747514678,0.0,-0.9355829140273012
-0.8700757092413736,-2.1479418804188715,1.0,0.46999427888255024,-0.7111427908337116,-0.03675480895871198,0.0,1.0,0.0,-0.9454082327810688,0.49481121543325857,-0.9037753614339001,0.0,1.8294268354737593,6.0,2.0,2.0,-0.24574253571712423,0.0,0.7277620305555451
0.622603196338588,0.30371846615893544,1.0,-0.5295294596456065,0.6000239446924143,-0.23006834002377913,1.0,1.0,0.0,1.4346106542563501,-0.8671792492305885,0.20964828324909496,1.0,0.5710161051696453,7.0,2.0,7.0,-0.8149437405079679,1.0,-0.707009542130862
-1.1262627109732735,0.06726447771430794,1.0,-1.2590696900741676,0.5947083155590963,2.326150283525816,1.0,6.0,1.0,-0.27889244313310385,0.9440339025175233,3.381848290873465,0.0,0.6140202973507806,2.0,6.0,5.0,-0.2735475970189677,1.0,-0.2995509662886566
-8.88338895103285,-0.4502393366513185,0.0,0.09365479784686806,-4.783863855377651,6.0945829171500865,0.0,0.0,0.0,5.1000097432536435,-1.1216025560117573,-3.5131392133414896,0.0,6.088479431636809,25.0,5.0,40.0,2.4341121886759804,5.0,12.287135115319746
