Feature01,Feature02,Feature03,Feature04,Feature05,Feature06,Feature07,Feature08,Feature09,Feature10,Feature11,Feature12,Feature13,Feature14,Feature15,Feature16,Feature17,Feature18,Feature19,Feature20
0.9453874945040746,-1.333544170523659,1.0442908786814704,0.6952398134014179,0.5124158006169283,1.0877152385516315,3.0,1.5731087752879653,-0.8905615718891108,1.0,0.0,0.8489088813614882,-0.8319977129008383,1.9765466310923796,-0.8624924217665039,1.01595470212299,2.5071605618442674,4.0,0.9480942735318014,-0.15952552745175358
-0.058785476757817735,-2.2256188483160244,1.4194204617778656,-1.3714643013946715,-0.19223648507005048,1.1177656608040731,6.0,-0.9683260556711711,0.6443930935142769,0.0,0.0,-1.0378407947456691,-1.5568635222886127,1.2267790533418785,-0.4371134639632693,-0.6909807432718552,0.4509109741483531,2.0,-0.8219479692546453,-0.7173892717670861
0.12389025450223796,-0.5203536498436119,1.3122987210869503,-0.6352009039601276,0.5593111022108919,0.09457654046490965,2.0,-1.2229282398148127,-0.41896905045416977,1.0,1.0,1.4847152538835877,0.43451428911423606,-0.949631745403565,1.1208113552336962,-0.42778673108207443,-1.0329756921603142,1.0,-0.11561768731730154,-0.15657117001659515
1.1600172572593728,-0.8291172939649439,-1.7130540859395065,-0.4441215894141924,0.7114346368165491,-0.08728363967796883,3.0,-0.6846617114642836,1.1768077339085272,1.0,1.0,-1.823061393110327,0.269987569456907,-1.07938529796962,0.11701177763572708,-0.11352297259640574,-1.3427674250612327,3.0,-0.6859798986041333,-0.16229160434732057
-0.27614166385077527,-1.6355285372606436,-2.484528429189229,0.745896553960414,0.1652772846071495,0.016438673965654363,2.0,-0.46799710137928474,0.023988021366220563,0.0,1.0,0.762424602603306,-0.6209714949773563,0.1946985766283209,-1.8186596634037175,1.7000568707527024,-0.4107509232455412,3.0,-0.3135977803545943,2.5776009547348684
-1.1924436225438784,-0.435373589346616,0.22846215335932488,-0.1604797027663374,0.2916386207425916,1.0818279135206748,2.0,0.3293218077344307,0.19297930272159158,0.0,1.0,0.03401618609009617,-1.7201137460429383,-0.21389387364467863,-0.07933614795752435,-1.6599795672834832,0.9088163501491476,1.0,0.7200093568211329,-0.21619423927523995
-1.4325956202906012,-0.7157424562047735,1.9176053184873207,0.4764993621828585,1.0295286797293002,1.032034188689597,1.0,-1.146507887251975,0.6205808229076664,1.0,1.0,-0.16095236358075798,0.4992641146822231,-0.9292391143383901,0.543725967981274,-0.13704244720116518,-0.6339271795725453,6.0,-0.030131471028459075,0.8910875107009827
0.24793024604241215,1.2125989156146184,-0.6887490438848343,0.2656432025779759,-0.1689242909943051,0.902935610332384,8.0,-0.6989208251781986,-0.4150914950246217,0.0,1.0,-1.0630282192331368,0.3896023716873814,-0.0384024511218423,-0.5689798570507646,-0.5961962621264026,-0.9793366804560387,5.0,-0.2667548153995945,-0.42899426499765475
0.19711043281216237,0.7374466013120899,-0.9100617038237155,0.47120998415011817,-0.24306452613649193,0.9992329775342358,4.0,1.1372183793117727,-1.7475071290221527,0.0,0.0,-0.17424042486545835,-0.7791628958864889,-1.9668468964665442,1.1807342586483194,0.006471428799543233,-1.1156875676211317,4.0,1.3221032428274757,-0.7175075690213161
0.21182986173787288,0.05935022439188346,-0.5764856690978933,-0.5574594372786306,0.45472572026005037,0.01094308523216134,0.0,-0.08392305807832945,1.4428467079547544,1.0,1.0,-0.2975529696681314,-1.0903576724620876,-0.6867926940649448,-2.8474407190807773,0.0447174398267287,-0.967443960374019,4.0,-1.04447650061116,-1.6410232893031103
0.7748526237209682,-1.0811107500571113,0.00024330888574799258,-0.9063548742256887,3.6309610662348204,0.19217180270916542,3.0,-1.1189723067976702,1.257493586758593,0.0,1.0,1.0504263914369851,1.7734750592421735,-0.952972186876193,0.844715965388071,-0.5684714600989702,0.6909288478956421,1.0,-1.22031678883768,-0.3425656641145644
-0.1153666040343039,0.3107673066230616,1.361805082495047,-0.24674282940330616,2.1411824886179485,0.9139083673852527,6.0,1.4581560786656922,-0.19319758926311706,0.0,1.0,-0.6912558927116832,-0.07243065559558626,0.5778325163218024,-1.0242466298846087,-0.080227595926667,-0.33838239275874776,2.0,-1.614754798551612,-1.0499589289109534
2.32973239961271,0.8599377227406849,0.7808667892053287,0.5326683935320297,0.04128530673389111,-0.03473422812961304,4.0,-0.6041912095556311,-0.5597607038440875,1.0,1.0,-0.6030791462105484,-0.872440153649891,-1.2168305007347433,-1.1144219329892557,-0.024688320394130124,0.632221852579429,5.0,-0.17168614049958889,-0.37414111257949184
0.6611985266529892,-0.234015339336149,0.15154034928659213,-0.24390253200157014,0.8857869735865054,1.0569427519157641,5.0,-1.2275099520942379,-2.0557633431462077,1.0,0.0,0.41681220185314083,0.5535299358900296,-0.42332654809951153,0.9287516756729337,-1.087900625572982,-0.523531763493969,1.0,-0.10115313617175037,1.455219798594934
-0.21886733936462074,0.5820440264988544,-0.4142508069611848,-0.4095039007190602,-0.45004268258313423,0.9377193205565926,3.0,-1.6126418019977518,0.4071028217713238,0.0,1.0,-0.33869897557844325,-1.2953128303361612,-0.43532608716027277,-1.4491473606894294,2.1092450809845893,-1.5621142786666904,1.0,-2.1205497553583976,0.16765810043143087
-1.5363605072324107,1.0721424599994165,-1.0764204853332089,-0.014529678067848526,0.042410834982581656,0.9191313157225189,2.0,0.12484864244069332,-1.2384345393044889,0.0,1.0,-0.996083996764464,0.023063867928226824,0.30531027964280966,0.6470771183537728,-0.1578090230238533,2.2020757831266002,7.0,-1.259571645734177,-0.539144585888365
-0.7267740076852561,0.5525335189452616,0.29301398681617025,-0.41644802405851034,0.752351212926322,0.9428638709651695,6.0,0.9062216738566025,0.2984765049359273,1.0,1.0,-1.8503328384504623,0.43218766766621675,0.2590568777461204,0.2967363106452771,1.7498932843165897,-0.39415891411708104,2.0,-0.387390652942105,-0.8448758624982066
6.253109173700212,5.027699573438104,-2.8577878387645987,3.2513994684234166,2.393916325987709,0.005395325370888296,25.0,-6.568868929251368,-0.41698542585466025,5.0,0.0,8.659468384891012,0.9647256812931276,-2.971464597077194,2.584604268392552,3.5633420070213946,4.09908308567261,20.0,4.973371640555273,5.191587705349646
1.4164547375003187,-0.7790075030978535,0.10414144810521216,-0.19203409304756977,-0.47236657489579653,0.1459656155026078,3.0,-0.4472196022029524,-0.24460962827560875,0.0,0.0,0.20849971339058287,-0.021530162284800654,0.5511349653498545,-0.35640005463245594,-0.02447369252057341,-0.18944121609708645,2.0,1.9277057901258596,0.18649835714415722
1.152490523174249,0.5366237492280562,-3.6134008857960196,0.9031450947464532,-0.25603336021519274,-0.07657153247839017,2.0,1.4574297999926225,-0.2224340634825651,0.0,1.0,1.5543414435516305,-0.42928750772267815,-1.1544690277864293,-0.25364070163905494,-0.4277561828489462,1.5998456171484956,5.0,1.0429284480736865,-0.07123606773585055
-0.7997131780706082,1.9467688118542819,-0.9108589721753306,0.22541984048233063,-0.6487055337706229,0.9992365114136355,5.0,-0.29846651859857615,0.031036112597903485,1.0,0.0,0.23098112594745138,-0.4758844197829519,-0.735457078902076,-0.4706494964236948,0.2417698356011745,1.1223856076892595,3.0,2.4599376333170784,0.8625743606395858
0.09440127120342166,-0.6454060736546307,-1.6919680917776025,-0.6610885706081754,0.36433652212361783,1.102294164230457,4.0,0.3816440591578677,-1.5890906118475856,0.0,1.0,0.9545557654330489,1.394049033537784,-0.2633094946725218,-1.3123604704895975,-1.9724570980098497,1.813892543614596,3.0,-0.704256425048198,0.6641260632083006
0.4876232212103148,-0.7424980786474887,0.377626907297047,-0.8429457712145589,0.8412090443211013,1.000380215604826,0.0,-0.13963274851045296,1.2194670780728663,1.0,0.0,1.7287104410560297,-0.6719662909618227,1.4900052882759418,0.36985996918715625,-1.5457224531286036,0.07857292437024091,6.0,0.47552202077301586,0.18074739985126345
1.374647703455185,-0.32513830043828357,-0.19447407372260136,-1.4021346964430674,1.0491396158315873,0.05816970499113945,2.0,1.3721154959903212,-0.5644715599123254,0.0,1.0,0.9999958690872948,-0.28848594197897653,1.2668752892670572,0.08548132915946172,-0.8276863825876019,-0.41076381532169004,2.0,0.5875670588902394,0.6408444128310671
0.24463983140518641,1.2809605141075988,-0.7784559263501423,0.23618547456963307,0.5594339505979069,1.0470660929673985,7.0,0.7806875977143263,-0.31938471507822463,1.0,1.0,1.6060187510578876,-1.8938541668593096,-2.0839944897714333,0.12807468738787567,-1.4318852971274463,-0.568447400500756,2.0,-0.8837372338695803,-0.26740514606877486
-0.45633102096463096,0.08516932743128183,0.30735781547812174,-0.37511291375088246,1.0466027440316217,0.911355927315612,2.0,0.4422060277272009,-1.0998724166220941,1.0,1.0,1.4754721777009543,1.836730188419144,0.5536352866524507,1.4077361088154452,-0.056369869855322254,0.7589350965836055,2.0,0.3994687312309686,-0.337751014882516
-5.142398241619795,-1.091821934821663,-5.335759170620104,-1.3508541218344075,-1.8433065723581858,5.00664479670466,10.0,-3.913002835384879,1.9364398048673714,0.0,5.0,-4.352469838878188,-0.7695838473518312,1.2765988933620829,5.692496746293326,0.21838925998027697,-6.607067785356718,30.0,-3.240302945055361,2.1420915261055766
0.6061321918683344,0.06125337863874288,-0.9828427598742663,-0.6572350707078051,-0.9935258969252612,0.14831994011021368,7.0,2.6947016491748412,0.15830451144536306,1.0,0.0,-0.10691598705767022,0.3620648570181987,0.5862783677860086,-1.2451967866865365,1.7854740665690927,-0.3515987144173453,4.0,-0.7322037289861061,2.565115717054139
-1.9792177007402445,-2.7688785864258123,-1.1977161221554253,-0.18700355188142426,-1.0279439984244119,0.8977683011698213,3.0,-1.3478834603560652,-2.1032800372414484,1.0,0.0,1.2901271267724226,1.6836160589258455,-0.9682762162288931,1.6735658280416863,0.3314077893801237,-0.6344914335716436,3.0,-1.1127747589006631,-0.780606995609057
0.05140106189376464,-0.733838095864644,0.602252564842235,-1.1495052823695846,0.05236420714418855,0.8757437992335436,4.0,0.32676270731008783,0.6534597785249476,0.0,1.0,-0.6303601907982666,-0.5931498651474464,2.776265424681653,-2.2346911137574876,0.13553406388187175,-1.096156779306023,2.0,-0.2611923264449049,-1.5290686409701097
1.2205007858907424,-0.589219132006939,0.8598374777148711,0.8096545103327965,-0.7024550693211989,1.1230773875600029,5.0,0.27534237295966285,1.584879975108878,0.0,1.0,0.01541917822482286,-1.0449125239528052,-0.6149579855567595,-1.1214594762840364,0.11032833813993488,-0.12143796648488692,2.0,0.556162242569372,0.928703542521998
0.5124369931648087,0.3340631423217954,0.0264971229838458,-0.34136277437235285,-2.282536181507975,1.0991294946650103,1.0,0.10323233939310417,-0.16965324223911857,1.0,1.0,-0.03736967319902141,0.48607039435051214,0.07813058153856636,0.3478250152085539,0.22909187210357204,1.5749965847644254,5.0,-1.1549966994605176,-0.008938476546240045
0.5241891416503928,1.579399373291319,0.8302396047384516,-0.7561557226223217,1.0120132350489737,-0.06859137796982055,6.0,1.3101118933836675,-1.6992021244355184,1.0,1.0,-0.04591863914297014,0.2769609729479464,2.2163676666849708,-1.0624056055679343,-0.39266568109812844,0.2169037242592302,2.0,-0.4469155026131541,-0.6809352610881895
-1.0952638999356166,-0.3629052306102851,-0.8414256740946257,0.7111163993022223,0.09399547500065311,-0.09030867006217543,2.0,-0.8218441082768957,-0.6236662570103463,1.0,1.0,0.3448037663322973,1.8443334982513444,-0.13345973595727664,-0.707044388365614,-0.2027287042605916,0.01735659104376558,2.0,-0.5448370428723027,-1.383281207247955
-1.3332625023938212,-1.0401406782534772,0.1356520740854484,-0.509950083004881,-0.048765766459777905,-0.16129102441919213,6.0,0.17351222151190898,-1.1771150424561883,1.0,0.0,-0.01908678693245545,0.25570095938682486,-0.5629511040355373,-2.1321511525345507,-0.8499208350652999,-0.6617202760813863,2.0,0.11260142816566089,-0.06735736045108438
-1.4235967698076588,-3.6196671791095287,-0.7924809389740033,-12.642593477556296,-12.902448894272522,0.09194826342403728,15.0,-2.8753110633467047,2.780155564176108,5.0,5.0,-2.994132306760406,3.64684475909639,4.71689805758022,2.958103267679561,-8.785165560292395,6.912959030123465,20.0,-2.6349547517942384,-15.268505246486935
-0.8668759126568312,-0.5735763541193385,0.07667193030020426,2.1591595701161848,-0.0013871919883131918,0.8705372700262345,2.0,0.7025205070479021,-0.29914105619202164,0.0,0.0,0.4407118456496649,0.16221631762097014,-0.304298608474377,0.24397984242239948,-0.4430640967136362,-1.7044980370262606,4.0,-1.3575337746238927,1.2665842345855949
-0.22664272033529875,-1.366950703352271,0.7065841822036,0.6403884534548954,1.9404779429117078,1.0376511404613256,8.0,-0.19814991495237,0.16106278947150243,1.0,0.0,-0.11335584103777634,-0.8203521632596944,0.11836793812968952,-1.0397027307449471,0.2498700761890879,0.22677181273130165,3.0,0.2944816422035668,-0.8138329376669438
0.6853002722555102,0.15571675182419492,2.8116900937956943,1.279485729170028,-1.1691465805479742,1.097475942490456,2.0,-0.543147639208106,1.468232906567618,0.0,1.0,1.246025077203971,-1.4251147073344277,-1.3392785829477472,-0.0592061076822627,1.051198199621629,0.2013229291089676,3.0,-0.464299162878724,-0.3734144846305872
2.2707752442665243,5.970879592352075,2.6878659113638967,-3.8994593778271254,-6.2548854162767045,0.04828427296048322,10.0,-3.077977538673858,1.7219588252143643,5.0,0.0,-0.6960569710614688,3.8126814293853424,-4.948035451686713,-3.3689272888616353,-1.737241409810634,-2.546931624339281,20.0,0.2991905065056817,-5.498993138771645
-0.33255986757614914,0.5655784525732981,0.4838089092104325,0.6373056120741638,-0.02931984157839821,-0.04230165873806627,5.0,-2.1600342814451925,-1.198344373879432,0.0,1.0,0.6082177082393392,-0.9590197557521993,0.24970226931414374,-2.4417686258620774,-0.981283266069015,0.934066152978528,4.0,0.6050495692679319,0.5948004275489688
-0.231580009120456,1.6246990256882563,-0.25007395675518473,-0.3401296238278505,0.827199981849874,0.9928779667504569,1.0,0.03833114331864411,-0.33241527114647046,0.0,0.0,-0.22081354735294034,0.5756060225439851,-0.5124053780357095,0.24875100637123793,-0.010652988749291695,0.3098403565952916,4.0,0.4281412464065365,0.38201221294613824
-0.45753518278677013,0.20734520389110003,0.5695966815952762,0.7434651886472621,-1.9221435902922326,-0.2352220343351256,2.0,-1.0095129391886544,-0.10447623575682383,0.0,0.0,-1.8974125658885777,0.05581992725257269,-1.2479056067707885,-1.1239070478414837,-0.8280967819029811,-0.13697185971841017,4.0,-0.903353650906775,-0.1337359847312187
0.47552900697891426,-0.918868979285398,-1.4751700894177204,-0.3524128713471515,0.7288907235632255,-0.06924204421015347,1.0,-1.981213617541959,-1.097011570790991,0.0,0.0,0.5977895479768622,-0.08336842430233646,-0.5818433139050635,0.5544861847713425,-1.3670280790194376,0.18407951778502807,2.0,-0.03837421563012273,0.2041719408838955
2.5561654260022055,1.8393973651484339,-0.8603341208455554,1.4400994331320398,1.261513461022096,0.15926087690325652,2.0,0.08588969152442158,0.8494723403466166,0.0,1.0,1.745334206345058,-0.3225156931516157,-0.5032366365295315,-1.2033759264802173,-1.1137740044134463,-0.42805093477883716,3.0,-0.7078314361854974,-0.2843234502776238
-0.6528458869825692,-0.19802611450935778,0.5677679683725991,0.44199713416835795,0.5685443901213998,1.0966180827908132,5.0,-1.3352024126017807,0.719882462503648,0.0,0.0,0.15486215481167642,-0.7224556116708137,0.021145781120883177,-0.6547682228596096,0.2032874950821009,1.4621795844641303,2.0,0.4597804895491963,-0.9671349853775186
-0.7703265053380366,-0.2671844447439923,-1.5251973021030356,-0.12668787995944847,0.27836569361382885,1.0804988483639124,5.0,1.769267601561586,-1.1683425119670179,1.0,0.0,0.6298906617446665,0.4088080115963788,0.0652901235772477,0.2386018332994007,0.19951713649368016,0.48904138835359307,4.0,0.37478825139049216,1.1925242599204053
0.1501414551311721,0.2304580561048826,-0.5480747691009162,-0.13161195534672437,0.9531269964190439,0.023172561150668673,2.0,-1.0045303174188143,-0.3911305187523412,0.0,0.0,0.17192094902287042,-0.35898244044864414,0.5638721446163508,0.6229086425728267,0.557684351500905,0.5607636352342552,2.0,-0.9803057021977498,-0.814453925643144
-1.025610641019212,-0.26159838210940795,0.2728287254077828,-0.3837552940687202,1.4615576772411067,0.04149412811322171,1.0,1.0070872706692409,0.6664854288316905,1.0,0.0,-0.0029657906973666807,-0.0002801451898366144,-1.1419313698789648,-0.7596416963482232,0.23858273695435142,-0.9605269226855767,1.0,-0.7214245895444117,-0.49088130932676
0.5419576255560385,1.1482478969137926,-1.2564054396955278,-0.4498685723478163,-2.3282212540327634,0.1278086091823438,1.0,1.5074906869128455,0.36603748244122497,1.0,1.0,1.5055869409578952,1.4325632441037413,-0.8985998932265472,0.9934896959098508,1.182718294440276,-0.21149123072629133,1.0,-0.7991219924821544,-4.039595486166098
2.2912250850409426,-1.4739863428425954,-0.6745207031512948,1.917714800725426,0.878153336775976,1.0296020177311644,3.0,0.7295761986113665,0.26337833989996173,1.0,1.0,0.7610932098103502,0.5489316900289813,-1.050846681238594,1.381687144092635,1.5374977161229386,-1.2664294736146702,4.0,0.4191446633306279,0.14359940116907943
2.051736362030387,-0.2169499223749697,0.44180208389548875,-1.4437211071835876,-1.3020951111157444,1.0968964110409587,2.0,-1.334135629127702,-0.9245203699748593,1.0,1.0,-0.24588822376846156,-0.2342029476635195,-0.6735776015692281,-1.0006199281477275,0.6342291540095544,0.8796436200280026,5.0,0.8450621530389373,0.05163695029028778
-0.42117647275233844,-0.7106284785460428,0.27581679764874667,1.0026100939485632,0.5742545876082914,0.03123808062536882,4.0,1.9868560292548945,-0.7105405261041761,0.0,1.0,-0.841814291584149,-0.3510442917948097,-0.649974175244474,0.4041350825730637,-0.6416367612995616,-0.9716237979746375,3.0,0.9342167838690628,-1.5540938978258199
-0.9389114073406659,-0.3884842271463448,0.9234880348945645,-0.9115825882582368,-1.0933795063708722,-0.07752231978738806,2.0,0.9505881336420565,-1.2496757669788465,1.0,1.0,1.8682063230314736,-0.6135047646975705,-1.3681795304392952,-0.7368761276759165,0.34392191186490617,0.47440595723225504,3.0,-0.9284465136880495,-0.46363257695709625
5.086167858587825,1.7373332956585386,-2.10888892347979,-3.08932505236536,1.219282805529346,4.935303023738504,20.0,3.9191292533170303,-3.2024581984037725,5.0,0.0,0.9584010066108372,-4.19570052915989,8.858391549302455,-2.2802764162796314,-1.698184345916682,3.435871306778302,35.0,-7.742870322133348,-1.9712716292106145
0.7857862973593635,-0.9276365203353278,1.1123509937360416,0.5750253173666513,0.6592811306185334,0.9727120125125167,1.0,-0.8947025984675779,-0.9597095122498843,0.0,1.0,0.915727729504108,0.423440037545766,0.16206854682857327,0.3603199441360162,0.23303603406398082,-0.14876089988863034,7.0,-0.45811495067647895,0.15122374104266964
0.47595481679912616,-1.0494245508885987,0.31586360479274733,-0.3592423257409695,-0.9289750788036081,1.0605001479906058,4.0,-0.2854734326166561,2.5568230393836195,0.0,1.0,-1.1046432409017561,-1.6108867541332876,-0.7619951879496516,-2.1057436091002946,-0.058737360453826326,-0.8736325746971089,1.0,0.5753787825857577,0.6497633938178565
-0.15385868614451143,0.2560419595637966,-0.8515316724245977,0.17279093572923743,-0.9587155795223474,0.06965545476576362,5.0,-1.578846341750605,1.2091531401910969,0.0,1.0,-2.2108845484802098,0.42545415579623075,-0.4112757540441613,-2.3504295081639004,-0.09764542883291964,-0.35822511182640576,4.0,-1.091480145020167,1.9283385342269943
0.5357996404250643,-0.38607397972903373,0.36492783137752793,-0.7937711085011403,1.0238184582236112,0.05535071950067776,7.0,-1.3692882565011628,0.9154734483836509,0.0,1.0,-0.9175571362550995,1.8066607425332863,-0.04512552822837601,0.19382707551243833,0.2716250915482314,-0.7388363023176379,2.0,0.7652241667329586,1.159472900285948
-0.2318991319464194,0.768474440596094,0.12150786550053316,0.5157024572666913,-1.5677636562601676,0.9659923270519094,3.0,1.2895820521736963,1.271658080941604,0.0,1.0,0.6327288175711256,1.0604331572896226,-0.1691667776301699,-0.1938912237910885,1.869481373567906,-2.233076736775567,2.0,-1.9871205091324915,0.2194696594341609
0.6637109404585806,0.1726379101329511,0.3312981459632884,-1.0957663515816192,-0.6049210258716473,0.9947449351579062,0.0,0.6159888876396057,1.2349463748623153,1.0,1.0,-0.5863889785235379,-1.0938171273727606,-0.6357001340538061,1.2188887345931714,0.6224384412288864,1.8697079863225403,3.0,1.2528446340615327,-1.637435018420082
0.34060397787125285,-1.129608095509475,-0.3691130869349297,0.14725772425307365,0.30246904982732653,1.0991873281256836,4.0,-0.6344609001393362,-0.8469318878013744,1.0,1.0,-1.1331638607679029,2.0669716824583126,1.0806319937412903,0.19075573050518346,0.17988922292863188,-0.14328784066262648,3.0,-0.0376298087664073,-0.3536663655634752
-0.08892282596379227,1.3426725060614275,0.41756199631589663,1.3238143961206001,-1.0498006506327127,0.9088823560831423,5.0,0.0151591629848489,0.7137833853990331,1.0,1.0,0.018761445229937845,0.7739692698708803,0.05563136991567419,0.1494664733684051,0.05296105293947325,-0.2360432349378451,1.0,1.1045534566415705,0.06421869415750932
0.8000173719623053,-0.061337561727895056,0.21417004729286912,1.5969335394805113,-2.8380984861707694,0.0004767934224665898,4.0,1.2882582127900506,-0.16783901090047004,0.0,0.0,-0.0522156940611911,-1.1054489800055558,-0.03822626477558849,1.0692340103043296,1.3471247994694788,-0.992788887403222,4.0,0.18722501987351192,2.55594372344747
-1.2005187397741652,-1.840952490144322,0.944570490395648,1.3667663172069406,1.1497311640809573,1.0675130546181368,4.0,1.1985104677479643,-1.17040605791901,0.0,0.0,0.9518344289345129,-1.4613224953771917,1.5459036199027738,0.3031102871912748,-0.8402204640263167,-0.13792598911805679,1.0,-0.20272563236671728,2.0744349214384363
0.8326350007931655,-0.5145291175231318,0.37136424708863003,-1.4001642544012187,-0.6619834697749573,-0.06354913518353537,3.0,-0.921740643566989,0.5045947968400443,0.0,1.0,-0.12513381142191368,-0.6319455091892394,2.3000690368689996,0.6209963004597285,0.6594246563137012,-1.6043660148075767,2.0,0.3674709944051315,1.3002402159762572
0.9100586536579808,0.6785476238119057,-0.4252564951851581,0.133925488757894,1.158044557836878,0.9846411076434439,5.0,-0.4711103593907674,0.32366821343397917,1.0,0.0,1.3444787112151801,0.05684555667924712,0.08031805390284542,0.14241939777758342,2.592486000367045,-0.5261271656605945,0.0,1.56279615196555,-0.7432108535214386
-0.8317433845724432,2.5913695061777986,0.32990218754874634,1.2625028390760304,2.823421166779532,-0.04862920532265108,4.0,0.11600806129014432,-0.4520083060813442,0.0,0.0,0.9656422094590417,0.511051293235008,0.34254421534790613,-0.8524458103710664,0.441773578895929,-0.577150405350933,4.0,-1.2860976183895112,-1.7841668355386815
-0.8989074973145705,-0.34113738181071507,1.219124564239012,0.5266911020888797,-0.4547061130926474,0.0409616484163759,2.0,0.7616759658273713,0.2995553809926377,1.0,0.0,-0.8468349451212953,-0.5047411833138195,-1.6067052229148808,1.62263864983986,-0.6125199144325458,-1.941478791576689,5.0,0.6740215325517763,-1.3138560373771475
-1.731563725862364,0.16258808147739787,-1.2790051394356539,-1.684235643212739,1.1469771417130228,-0.004184928661494933,0.0,-1.10206944401362,0.00501243346971612,0.0,1.0,1.773024703276189,-0.42685767678925735,0.09060211608525738,0.8678238305238214,-0.9874121778475677,0.5665859961248114,3.0,0.8092088977304877,-0.5711007151643721
0.8751784326672629,2.3190019699054774,-0.36373690636413913,-1.2293571723645034,1.0852268170421497,-0.2660698415236253,4.0,-1.1858919796482765,-0.0003401294914881685,1.0,1.0,1.5204833404532367,0.3502238753259425,1.0797359251978234,-0.4343640451003129,-0.2728271847151511,0.30105433346398747,2.0,-0.1645354189265983,0.6274336663434368
0.056381733139439075,2.2004535154175917,0.21110572363022637,0.15491040206475032,0.29717894725649907,0.03846389960772095,1.0,-0.4712831873970535,1.4257691462411912,0.0,1.0,-0.09517143502702956,-0.6819338738599813,-2.0362181925936174,-0.656403355178634,1.0860228643788072,-0.9550629351265425,3.0,-0.7720094669642247,0.7668585339795989
-1.0143036796273908,-0.1080277964360617,-0.2671816231159543,0.5541848608346924,-1.0847305150889142,0.8594837745986441,1.0,-1.6973673865641423,1.0244275896947241,0.0,0.0,1.0892273725461512,0.141008924975645,-1.5513823892181016,0.7503956533494708,0.8312153210529016,0.3919392349067167,5.0,-0.9041864364423664,-0.7641370676362828
1.0255011948730945,-2.0171854117428856,-1.6994291311671887,0.5858133639911125,-0.05012978444321326,1.0956002066411237,2.0,0.13065879694319102,-2.4918251893514074,0.0,1.0,1.9552159730714633,0.7893780161122347,2.2392412500220233,-0.846076369943263,-0.20976594654705089,0.18894471192431833,5.0,-1.6330571846323156,0.037172752291644205
-0.40893442836941823,-0.7761496659632047,-0.27999349863651923,-0.028926666636417464,0.07677084082409377,1.061369014641669,3.0,-1.6876319114479488,-1.2684660418370035,0.0,0.0,0.7428308209420083,-0.054538209411761636,-0.8641163632915388,-0.48196784229428796,0.8890883658614543,-0.9083380065368349,5.0,-0.6261458001096276,0.1183374749547429
-0.7126689311253053,1.8633314159385395,0.36909354231148184,-0.43321572439095357,0.8016719508385849,1.0474859245361836,2.0,1.9038216914615165,-0.23450814024295133,1.0,1.0,0.06992864458924526,1.3898262431243456,0.47712289227549587,1.1213062273628194,1.0609340016179463,0.8072199983750226,2.0,0.018163816905961475,-2.0036690202772793
6.076862493335806,-2.2965340462741515,7.457644202921603,-5.197391663048759,-2.9039313809750027,0.05699327684513549,25.0,-5.9708191997693,6.904494082878777,5.0,0.0,0.23643749788659493,-0.4952813659185539,1.9830613275176394,-4.14245043508998,0.41019276045986575,-4.713520546895139,15.0,-3.1519451852347187,2.604283371013837
-0.8698039116787276,-0.17634381320548867,-0.723772820342246,0.2988619683591046,-0.04446302911197171,0.9215700612477873,2.0,-1.3592925088125694,-2.4673594945242447,0.0,0.0,-1.0778368475237197,-0.967754233227367,0.6139749089349397,-0.20760008007723932,-0.5295406005842106,2.690468372301626,4.0,-0.26376407064987567,1.4035204565427288
-0.09396439163370938,-1.4946731693593722,-1.0957151488328396,2.2292474037170904,0.31282788595122546,0.04805885273445515,3.0,1.2842256115999255,-0.03669688554863449,0.0,1.0,1.0913057761624658,1.935008436097503,0.7097661165151874,0.9875842434136294,2.2201900686490714,1.8042088519210826,2.0,-1.6870225571047106,-0.7824782416539077
-0.3001127112492181,0.3157871232482144,-1.6158773946500693,1.4242881452421676,-0.5563998510738821,0.832010252034824,1.0,0.26701895236556766,0.42076162962887614,1.0,1.0,0.681323968409445,0.7239432603021456,0.835701342572904,-0.38596967288404616,-1.4133483422996438,-0.2925013411848354,1.0,0.689079331327372,-1.5508020908606193
-0.23764024425079955,1.5488148075899657,0.46908405685333737,0.28427878380104143,-0.5961338561658289,-0.12694607453120968,5.0,-0.6068490982552314,-0.3662600375028487,0.0,0.0,-0.3836328572401927,0.09148055045418624,-0.03878978631859323,1.1147389208694582,0.18574139323334526,0.5700932061887456,6.0,0.37415245849687506,0.8409907734276519
-0.6867768394680073,-0.0801398635218671,-0.012430443003174217,0.9965070826606688,1.9707343105955915,0.9667196262320503,4.0,0.3113943806441665,-0.7121321272481076,0.0,1.0,-1.2285641098733882,0.05582030560636781,-0.37849090750219727,-0.9887224890427709,-0.31424477763067815,0.11758308651208829,3.0,-1.7125753867372977,1.2812963135725557
0.9484957332025473,0.9582204842884215,-0.3284894523225888,1.2099974122961652,-1.4308899415967855,-0.1177438644824072,5.0,1.6988528622429728,-1.0028962157147046,0.0,0.0,-1.4001043690629167,-0.8033623901892397,-1.0700553388226701,-0.3464740407018349,0.5812307540477831,-0.27025148901929846,2.0,0.4941070266873754,0.9327944713404303
-0.16073781191681166,3.2306113838868034,-0.9590503324962133,0.8620948140651835,0.22245684363635768,0.003135758327549065,3.0,0.46196639241817733,-1.7024290518095824,0.0,1.0,-0.6758610824424471,0.07837355134973012,-0.8551456082056207,0.5132453723285968,0.42771221093334594,-0.5212698609594368,4.0,0.835116480781942,0.9723570096639572
-0.39579430820908457,0.4438708766822836,1.5070343622963882,0.7570817486009579,0.8003415972596727,0.9574797515011053,3.0,0.9159943351850306,0.9085790525752314,0.0,1.0,0.05635127546445102,-0.6335350575672387,-0.4793818869855597,0.07634557795024483,-0.7385687314722309,-0.027084432850128154,4.0,-0.004331289791408712,0.48671912872860945
-0.062257967273932686,3.048228280898182,-0.5958228220347117,0.6172170539159822,0.751446441073719,0.12428882336972472,3.0,-1.5634080565951698,-0.026368659394925928,0.0,0.0,0.7254873508339065,1.2373843344176043,-0.6665578287284964,0.37796619552206734,-0.7362531388224328,-0.016445252649366592,5.0,0.13702695227511555,1.2095485771032919
-0.6743582914482638,-0.5406602018121432,1.259209288352311,-1.0575794395415334,0.6177213016171188,-0.018461299369646394,2.0,0.34342877668006366,1.424212696048226,0.0,0.0,1.2300227138017454,0.43029467841590924,0.29566964891919906,-0.6082005052796635,-0.052487104095869354,-0.5842861695277973,3.0,-0.6393737810267033,-0.13311960341231155
0.615813000050147,-0.647245500332846,-0.6557307380219389,1.2948304135916426,0.13839990511075317,0.9478822355982851,3.0,-0.3014848575627181,0.6268929837797536,1.0,1.0,0.7736206186586391,0.2071295064383279,0.1900395452062073,1.175953410272606,1.0565941421011091,-0.48043941296265036,2.0,0.9125819512109613,0.31402025267357625
-0.2620877627726872,-1.8293003326485135,0.28957661109695887,0.9485561573880806,0.5236928378465011,0.9004833828741885,3.0,0.4275765550976483,-0.8975002379009064,1.0,0.0,1.2477634673283207,-0.48130685616061686,-1.3240429774708733,-0.33818239742145545,-0.5754038413653533,-0.40458516172440523,5.0,-0.34777583184948563,-0.3505768235129108
1.0894409371136826,1.4667177645638987,-0.07757869953452241,-0.8500892857078681,-1.2422312382917218,0.9199783128400136,5.0,-0.18861640572460445,-1.1921235298411108,0.0,1.0,0.16411871869206268,0.11872871607930474,-0.9187117994023312,0.5403106723970463,-0.3082172223553545,1.6690556113866302,4.0,-0.6635433298791064,-0.799788258815992
2.090855691144124,-0.07047815331743208,1.179097227702784,-0.9205960160336222,-0.4253273221696681,0.9514235933981819,5.0,-1.402622737484983,1.5043546274168058,1.0,1.0,-0.03518772226374389,-1.3384242722658426,0.30513248034841894,-1.6625159847281827,0.4427146948731645,1.5217758865307511,5.0,-1.1191424799318062,-1.067572816687849
-0.8553396377071426,0.4794226907694053,-1.0056988962642655,-0.6162930334803234,-0.9765480241081546,0.09909544911721022,4.0,0.14023524161596662,1.8100883092213724,1.0,0.0,0.1578491220264579,0.61125312501925,-1.8394103150680172,-0.025906384349256927,1.4618281819145753,1.6718710390627285,4.0,-0.050820204860380934,-1.5182420088308874
-2.106880743554538,-1.0548248181498994,0.15304157652399758,1.3103253177066498,1.3937126737796521,1.1235087474369023,1.0,0.9764759313785061,0.8485797041416407,0.0,1.0,-1.375862688851174,-0.4901130109925194,0.09303181730822636,0.2223941556633382,0.2434354729828331,-0.14111867478515766,2.0,-0.34799657672722983,0.3256252525967136
-0.16233431060679254,1.0317592020972453,0.0573436330061478,-0.25131004514750727,-1.2387554021506086,0.04401628404740865,1.0,-0.631843809724855,-0.12535118584970742,0.0,1.0,1.0802482032412126,-0.6566716629766686,-0.5663805986138885,0.31460137873182537,-2.022929889958751,-0.17085599205601873,3.0,-1.1730897060485108,-0.4369266792505701
-0.8104092183973182,-0.2832623181301757,-2.084820137466288,-0.5667458771333708,1.4123471590911563,0.9596517125255031,2.0,1.1587662140928325,-0.6664437248878802,1.0,1.0,-0.6053586198808382,1.8428907538471813,-0.014964019871013744,0.014277286216783812,-1.4369499974323232,-0.21459983658809495,2.0,0.5143774129895674,2.1527179095685045
-0.8923306075121935,2.396465427079832,1.7223757462014189,0.6416227158201981,-0.985003265137216,0.06820291547100789,3.0,-0.18475544236226862,1.7779743623506834,1.0,1.0,-0.4794103675168556,0.6736003870913354,0.8336465247425807,-0.5531883196797208,-1.0121256875354385,-1.8024730678411487,2.0,1.3326911486581792,-0.80195268850348
-0.6284648762329681,-2.1348351566620174,-0.2300284202108922,-0.30563452308772626,0.6233004006448721,0.08318386024019592,4.0,1.351922992738072,0.1964317104046191,1.0,0.0,-0.2904837479739403,-1.163875407641964,-0.474471356041866,-0.7669312759314922,-1.1599856499989212,-1.7196642830565652,0.0,0.7388755927651638,0.07463433963452155
0.3269871921722537,1.3243024537131514,-1.203155440076114,-0.5401527589042725,0.5772915959146193,-0.0019019364257307743,1.0,0.1074830250808672,-1.1247563299609498,1.0,0.0,1.7620974213603107,1.0579617194260504,-0.10464810030832956,-0.3154316499843136,1.3862532176679518,-1.129023407725242,1.0,0.6043373655628654,0.6465731839695038
-2.0361287504912293,0.04492299395305823,0.3340067443611611,-2.189561830089494,-0.21060072497632543,-0.02080248236772229,6.0,0.7444444922313754,-0.4042012898152845,0.0,1.0,-0.8305528881150032,-1.7656219309846892,-1.1040970380538027,-3.672188415352694,0.16887954238912617,-0.5530914511200589,4.0,-0.7281755186791489,-0.6012440100592853
1.0403838924461306,-1.4974490145128616,0.409625803099938,1.3120334971887766,2.040309984921159,0.09231044493686484,2.0,-0.2924932215954486,-1.5582925908296634,1.0,0.0,0.079633456901825,-0.8597541868062886,0.1448717049962854,0.004625980415056812,0.9498536485380287,-0.6172092441415781,6.0,-0.3895871878943948,-0.39251615398911677
1.3333158396717686,-0.9631443980060651,1.165189816036517,-0.4130671249056863,-0.34730118343048044,0.8293152867057073,1.0,0.3699995135840519,-0.11985429335187574,0.0,0.0,-0.04676738623112972,0.39888094797329104,-1.9032245849045568,-0.9195927448428267,-0.2786845849437369,1.2347220620577597,2.0,-0.853576394590126,-0.42831787156914825
-0.9087839106518096,-0.5408954559352606,0.5604830157776449,1.1610507417064142,-0.8579584510281139,-0.06939583464706649,1.0,0.004654812335372696,0.5286932830042915,0.0,0.0,-0.346481209797761,-0.009539936084844847,-0.38270824632324907,-0.3875785948094399,-0.1881739143585243,0.40769269712097533,3.0,0.5775478086969146,0.7469679096579218
-0.8189108813615625,0.2610128133122891,1.2971355033742715,-0.39361003318349563,-0.8634214318185192,0.9023799813207484,5.0,-1.2370170977050443,0.5166488183525427,0.0,1.0,0.6947823938722484,-0.6436905556439193,-0.34619551248287506,-0.40264222136259503,-0.5579996472906857,0.620294035751619,5.0,-0.648969180582871,-1.117570074912443
0.03125773899328204,6.02378965200696,13.638698962639817,-8.133843950229096,-4.011956722408122,4.892885131747645,5.0,2.745150934796549,-4.16662145453612,5.0,5.0,-6.958545867762051,1.3078622357231096,1.3088567051481244,-1.3390376461525169,-0.5863182552938272,5.278497459587096,15.0,5.905484983257545,-0.2886318265649328
-1.2600419220148582,-2.012049519722016,-7.41896621172004,-0.8584341859120657,1.0493601477986023,5.110306388222739,5.0,1.0326692987846833,1.6592564312618017,5.0,5.0,6.474182876367596,-2.6594122331090513,5.753123620729623,-5.826932255143453,-1.4890321555947128,4.859653087463857,20.0,-3.0735846969870133,8.03076201817818
-0.03868594885942446,0.47881355305303097,-0.4477031250936807,-1.9819530022099223,-1.9268897390957305,0.18639036453283095,2.0,1.47836250959794,0.6907657788184668,1.0,0.0,0.04593493214154832,0.18706594843096166,-1.0396434246677104,1.4482078994149896,0.47238374630463015,0.7579214878173637,6.0,0.4289667667213167,0.10829050852809985
-0.013682294658691568,-0.35796543757179555,0.07628210008287808,-1.3713953026081775,1.4996707024063332,1.0939909830748484,0.0,-0.8438514931865873,-0.35489081284944723,0.0,1.0,0.13512237969820354,0.4768811366725896,0.10732353857682715,1.8928297968675996,-0.25251592847970966,0.6300893367069733,5.0,2.1254583460402534,0.8133476963687136
-0.7160328132280185,0.38649692016120546,-1.230888414663946,-0.644863155764979,-1.0685753801016582,0.9580105749073996,3.0,-2.5403871907207805,0.368340574648431,1.0,0.0,1.2319443385455362,1.4225119082818256,1.3099657958185453,-1.4017994202043293,0.13628437004451527,-0.6756082282225239,3.0,2.081963128929231,0.17659629853969933
-0.11039091314382815,-1.0218183169185333,-0.8970966875408312,-0.4823247155302299,-0.4610593637483956,0.027707903821925724,5.0,1.7590646930404776,-0.6951214662708484,1.0,1.0,1.1043620272653356,0.5553827601353727,-0.26623773702146947,0.17390184512011453,0.31083873803928563,0.41083470425960206,7.0,-0.585744341684449,1.146827348284869
-0.8138768322436807,0.16623908819885025,0.6234550041208553,0.08836755795543637,0.6371169777054161,0.7989677373763553,2.0,-0.6906266941792337,-1.1078295012921766,1.0,1.0,-0.5389629527060488,-0.16312661036104045,0.7699388741860704,-0.6584227133873447,-0.007303522103314683,1.87356407194046,0.0,1.545910447570066,1.6270731628070407
0.5283001384128023,0.31047616331142863,-0.3632412983529347,1.362297547838948,0.5752498608929425,0.1940963390263373,3.0,0.13604427720120524,0.890908963847635,0.0,1.0,-1.8943083793798405,0.4210917703629831,-0.34745990808011307,0.20948708260513466,2.07415753440276,1.9428356797084387,1.0,-0.043969650540137024,0.15106624729435847
-0.5418894653484888,-0.9543167484096862,-0.014089472050155554,-0.5259892904253937,0.7401878705660325,-0.07121965260802286,6.0,-1.716814150012399,-0.7379159812441634,0.0,1.0,0.04241899925308259,-1.7514331695792995,-0.06283483268027251,0.5642533313380156,-0.5458709124458531,0.37114852690118083,2.0,-0.18210941115289117,0.07880343846798796
-1.3677560097959778,-1.3782761190231319,0.7802778896439381,-1.4063839611270246,1.204699113108991,1.0311799295802793,0.0,-0.5565723073725669,1.3481596582507762,0.0,0.0,-0.13664525934651828,1.5395113124838782,-0.9622863736806482,2.9323676176052262,-0.49269410699723903,0.2146856664770671,3.0,0.20446480455098315,-0.36734627405899645
-1.490611795436203,1.546874052907172,1.1730910936628587,1.5193094328800925,1.5119623188216986,0.9707199311397453,3.0,0.4082379389498987,0.13186191590854257,0.0,1.0,-0.5838125118271805,0.29730438899723144,0.8497892633415826,-0.15109809581265643,-1.0610582796574322,-0.5496738145411119,5.0,0.08028305778554308,1.730835101314932
0.0225525464222396,0.6458370440406003,-0.8446981392199486,0.7744297188851205,-0.423324628153457,1.0003607043602656,0.0,-1.0506443655570619,-0.09025522597273744,1.0,1.0,0.32694527825103525,3.189702154089919,0.26786582677071186,-0.09540866530070924,0.17181638015750528,-1.0635298810096925,3.0,-1.5755148737387379,1.5343790854949564
-0.06967775296583083,1.9436497941640245,-0.5358067330548194,-1.304788172112567,0.0291455396613866,-0.08409600524319702,4.0,-0.6590223880525948,0.6808576930542865,1.0,0.0,0.4732789767946929,0.29656780196744903,-1.5898876249110325,-0.30712352864700027,0.8355189431320599,-0.579070615413689,4.0,-0.38134891329476195,-0.008653489984127722
-0.7449286528209225,1.7315991989218364,-1.995001458211335,0.4877906104162627,0.3323821350702175,1.023093337061731,2.0,-1.895331479132111,-0.237785696993223,0.0,0.0,-0.25840364449833875,0.3200161387240422,0.5675504690840972,-0.7089923272202024,0.09853139125114378,2.0092359733527654,5.0,-0.7248227507554529,-0.20814116752749995
0.8612719782206725,-0.7612358841827528,-1.0494679800768025,-0.3005495898510449,-0.5455645127452725,0.8589124529734883,5.0,1.52972216539039,-0.09774155259895272,1.0,0.0,0.28260429663374304,-1.5320908324179519,0.14317845171575388,0.5622775073178976,2.26111849669888,-0.8444769525045233,1.0,-0.06066344702676241,-0.9480198139350614
1.5496849867359705,-1.6612964654100522,0.7753751003920542,-0.6784094852409641,0.37220758259310327,-0.011986946781789978,6.0,-1.0580672837318648,0.4819054663649017,0.0,1.0,1.1367229647714572,-0.7352110790365367,0.034109383862697885,-0.6663422453484048,-0.42944229862525585,-1.0429975497828383,1.0,-0.8333601974851547,-2.2929256291178874
1.2321503880438567,0.3462856361409203,0.15749623410362623,0.09595013939103661,-0.0358476601174422,-0.043557426749525036,3.0,-1.1665259601392535,-0.7304661815029686,0.0,0.0,1.6770820121299752,0.0008127133804480382,-2.509601506867331,0.6708154417541156,-1.3166917044086146,-1.94408506493129,1.0,-0.262944520060049,-0.4305355491281366
1.4465841736572598,1.161054378050179,1.0987927952839887,-0.06084422061226582,0.15671075566844397,-0.06831454718169704,4.0,-2.4707022171486592,1.541499773394764,0.0,0.0,-0.703765674429687,-0.38958347713028474,-0.31865865844649804,0.04733885833798653,-0.2622389082631604,-0.8477477967567636,8.0,-0.002306561614716877,1.0355705314405783
0.9458667159698867,2.264428308372376,-0.9570064172686538,0.124055523857098,-0.7967268702048329,1.0512753106005568,2.0,-0.7630968479721105,1.1837033058178223,0.0,1.0,1.1032018205990175,1.7892312051747472,-1.8817502173028309,-0.2982855695032585,-1.5692092086495129,1.694312343591966,1.0,0.0187809353424493,-0.0625178637017066
0.6881379352556841,-0.7805940762615025,-0.47926114844009826,-0.25861386171143164,0.5082180033607837,0.9929434306156163,4.0,1.1661322646661874,0.681163271029593,1.0,1.0,-0.314915997014242,0.24934806264327003,0.8754385097766151,-0.29336647612162564,0.4746936115374208,0.8118845819808844,4.0,0.3639217487821477,-1.969450727499156
0.7599734177699761,-1.870478836553205,0.8643260253323157,-1.3850937182535976,-0.670080151918892,-0.14855168923162215,1.0,1.111081352594353,-1.3834294674531047,1.0,1.0,-0.9032680200824041,-0.17781131920778864,1.3550883962664617,-0.6499859566247387,-1.4013581938261217,1.0275886938993688,3.0,0.828986004636997,2.545884164796371
0.6727407680467155,1.017253137788873,0.5580165329197443,0.055127167210054694,-0.1338454324396745,-0.057750824980935894,4.0,-0.40410462106683953,0.910210429231072,1.0,0.0,0.6756520627325884,0.6175242723456481,0.03449804605257702,4.519352044383762,-0.3072807429583862,1.0653715539411854,1.0,-1.569116826786774,-0.9276226028626943
0.11348272996231298,2.7074620451435414,0.19287122666425885,-0.6918207988341116,-2.2324091655108314,0.08854995027814451,3.0,-1.3518371372856903,0.7898829599411096,1.0,1.0,-0.865164671269312,-0.3360569794343096,1.6560570332482762,-1.0516814514516184,-0.788499785528803,1.7746986918530252,0.0,-0.5809690055974395,0.3972391411919984
1.5961807593243635,-0.5893183278543395,4.504920954038138,-4.741089004134526,3.0624430002021468,4.94821918531529,25.0,-1.8867646416441397,-2.0946319952436654,5.0,0.0,-7.741882239306138,2.765084505087837,-3.88468598362056,-10.769605163620623,-1.0955989968311446,1.6391630449517491,10.0,-1.6010667465631427,-9.16577458140164
0.22906750324218184,0.20547298174127743,-0.4126062548746233,-0.5816500838012378,-1.355692971199059,0.13294370732932284,1.0,-0.2096328259484787,0.8978368513718477,0.0,1.0,-0.2352813464731967,-1.249821246110711,1.1238663848075825,0.6902876520461183,-0.9762301417485975,-0.691128913490699,1.0,0.6688679701329575,-1.475900827608818
1.909722840042827,0.5002907687336837,-0.6259372974320225,-1.048472036320688,0.5675037202203055,0.9885606420462146,6.0,0.532771973690667,0.14320285822995513,0.0,1.0,-0.5495892789743254,1.4972889219994872,0.060525545627112695,-0.19295204271849445,-0.8362323160715552,1.56446319580881,4.0,-0.48646817789702057,2.023809132599641
0.0745490514963105,0.893936007969767,-2.7345523198790946,-0.8447483553285342,-0.5351418661115469,0.8508343849613491,7.0,0.1095050012470875,-1.5739098226957033,1.0,0.0,0.20149830453374262,0.3919034910221158,-0.5629789912150709,-0.4706407394161361,0.12114185686715591,1.7965816518920743,4.0,-0.5245656209333907,0.7071522569907809
0.6102211576891202,15.34599065224971,7.3198825597723225,-4.1860992581505405,-4.159344790663276,4.9940323738692625,25.0,7.467164760465566,-2.698227033582236,0.0,0.0,0.7420520208596697,2.351243206104384,8.868555113368991,-10.850785582919668,2.9293669557801953,0.7086095247035898,25.0,-7.443402466943142,-4.637959970243256
1.1140852632469924,0.04783708077234899,1.4162888032875545,-2.1109078201767897,-0.16885152507846285,1.004561875053272,3.0,-1.1149384554874147,0.8859895161625655,0.0,1.0,0.7918363648380085,-0.5139448799724726,1.3131582120343792,-0.7329767784546448,-1.365021052799181,-0.09964206220108904,0.0,1.0717007821982933,-0.8944336025624547
0.3798776004077611,-2.1438776529718813,0.7349907533863426,0.20539480641813257,0.8414239652751229,0.07514694833245775,4.0,-1.2930965054842851,0.2458199892256989,0.0,1.0,-1.6268201262545978,0.9619742037178185,0.12719935910006167,1.6446286629355007,1.2100305760536316,-0.8440150156668678,5.0,0.1433029828693981,-0.010051114948879142
0.630835904404484,-1.068936582264924,0.7942489717826399,-0.5625701476973002,0.32388290171416323,-0.010352503590188375,2.0,-0.1454102608760501,-1.8011815673153548,0.0,0.0,-0.2529533182632645,-1.3047409224312319,-0.6512799086070808,-0.9108307823814129,-0.3090690780359239,-0.05714699987243001,3.0,-0.6745546432346885,0.11788710669825585
0.1329728340865426,-0.6437058375514614,-2.6962320392458916,-0.22350686885928145,-0.22440324381760257,0.2800804553371806,5.0,0.04183507652360488,0.010987559008586396,0.0,1.0,-1.776997804850429,-0.4945316045483701,-0.3685430703125545,1.8701411183940981,-0.08811785977810799,-1.2370514971461897,4.0,1.436503246361167,-0.2741180572596544
0.07896728294833784,1.5490572729447956,-0.7107128501722051,0.2763749752178752,1.1882902377826987,1.0784218011965283,0.0,0.7638181415562566,-0.27074777115787246,1.0,0.0,0.39987941901053825,0.3991023458339859,-1.2121056161620045,-0.06467579645321418,0.18843874807233513,-0.023435727283347224,6.0,0.8949079645793583,1.5862656758808622
0.9472063977298049,0.8587671685535987,0.09204823195603577,0.27285024214311093,-0.9767196847409787,-0.2049687609128069,5.0,0.00920554654126246,-1.48404416876967,0.0,1.0,0.8983979470299388,-0.07032567678640593,-1.1201412916051146,-0.5202169908077189,-0.45106646275826306,-0.6069287812680801,6.0,0.9678267664052077,1.36314537059705
-1.6979975155351124,-1.2858423324832713,-0.15241469956185613,0.28082970495407716,0.6198335377501882,1.0144791548300303,4.0,-0.45891995811230385,-0.4493851709186206,0.0,0.0,-0.24387399213075903,-1.008316034038966,-0.7983801031199613,1.1321521029883925,1.3531334256600784,0.5158566221407719,0.0,-1.4744375094450606,0.1355496673832483
0.22490141073156686,0.1825909972583148,-0.7748806532927992,-0.17619680290761644,-0.6109325626499064,0.02699009935806659,1.0,1.4017909412385505,0.7429362494611946,0.0,0.0,-0.549428495873858,-0.20782528573809328,1.5516800737728211,-0.6689340525355603,-0.22285680385214957,-1.0031160746341892,1.0,0.4165311581841169,0.7406272899339115
-1.7519638859442799,-0.1335775864652054,-0.861244461242857,0.3049044477600592,1.686718697807698,-0.10055086736791281,3.0,-1.5136403445929432,-1.2659584854325656,0.0,1.0,-1.1058147558433284,-0.4945967319043811,-0.3135487794580783,-0.8784765295390182,-1.2628740927887097,-0.33162054159051896,0.0,-0.9581044225790003,1.1401472356739673
-1.686737832577539,-0.2240064891775542,0.938605057754845,-1.5305499193943646,-0.09045121026377274,0.09868464445099132,1.0,2.0047777661588926,0.20802753955228603,1.0,1.0,1.2765709222738622,-0.6644131956680671,0.0621767544528279,0.3682449342348887,1.7868149450860091,-0.551943262346573,3.0,0.023651472826594064,0.2874091365968954
-2.2324121067014278,-1.6205881117911165,-2.7020063287338205,-0.028608929703702636,1.1425610659029806,0.9257459848201428,2.0,0.22085450586167404,-0.27873069452443106,0.0,1.0,0.8850770163470353,1.5178675440522167,-1.5829730311609986,-0.09536895617512221,1.9452541887767727,-2.513334474313205,6.0,-1.3992491921710706,-0.2002357169077164
0.5334633549074319,0.44130734767052926,1.7047262806350074,-0.15168125003883923,0.8802870716254475,0.19492277765810123,3.0,-1.8100094338272492,1.6588606020388215,1.0,1.0,0.7633092805627418,-0.6958566523003227,1.3622691090518877,-0.5115529348140386,-0.8160554931318005,-0.7219029782653329,4.0,-0.052230354909811344,1.0578889672028655
-1.2387452443010718,-1.3064665745467847,-0.38166806912260576,-0.1638239582990515,0.18193942218791445,0.9654642638746964,1.0,-0.18150033781178443,0.7828555379238528,1.0,1.0,0.7369436596758807,-1.0886205720277504,-1.2666387551403109,-2.6562831949958023,0.7349285785250755,-0.9230846341051628,1.0,-0.1441237168785269,-1.2802858832226103
-0.6600968797219164,1.2776934130429942,-0.9973772618032656,0.018873677425543484,2.4960157974709274,1.020172814629875,5.0,-2.31546002836567,-0.8026593029418306,0.0,0.0,0.2704493185137502,-1.0551571135613134,1.9260015988641856,-1.0757553326258946,1.9728586970569135,-1.604649725338337,3.0,0.6706938751753715,-1.282957202489267
0.8433841226958179,1.1542656122225203,-1.1562626058287597,-1.2608572109501408,-1.6134850326020869,0.024202353519659194,3.0,-0.8746267101084112,2.08624664667996,1.0,1.0,2.073995585567305,-0.468503771859711,0.860653165598338,-0.7404148341318977,0.2665040184177662,0.8603917848899941,2.0,-0.43519266470604795,-0.6254894210241682
-0.3590318369843091,0.8497529228819543,-1.2483469661706725,-0.2273518923565928,-0.8161741244859224,-0.09677655048222443,2.0,-0.642273262894358,-1.308162312091943,1.0,0.0,0.8008716803201248,0.12986113610252284,0.005496071632150074,1.420138438361871,0.3665238367479418,-2.5061336538563896,5.0,-0.166868153210194,0.5220781200328707
-2.7596080553499087,-0.4495511055254138,-2.11432609470864,-0.2530443726919716,-6.37432974966373,-0.017937640543824008,15.0,11.61788890889146,3.4500515026535474,5.0,5.0,-2.48945050722049,2.0031316120047795,1.8962479598573447,-2.4187431266122457,5.6965034580717475,-13.430179545299682,25.0,-3.0666487119186927,2.8476371039575783
5.809296850106062,-5.786412352660909,-15.99879030740408,5.955213975636927,2.214695577974025,4.984215774197009,15.0,-0.9122484125809702,-2.030053507547076,0.0,0.0,-8.075290767585118,8.90714875905889,-0.7316430600282954,-2.5837273946809325,6.636317600520575,1.2417762720361998,15.0,-0.27546999763879926,-0.24805279998457724
0.42797120283726064,0.11577241969832604,-0.47469996390333413,0.1607600575934319,0.8005656105367029,0.8430270289746146,3.0,0.04636312707542649,1.130202278703116,0.0,0.0,-2.503419969073799,-1.9999822135546304,-0.44507818072410826,0.5792618375398167,0.6822751696670061,0.33041558921553776,3.0,-0.12972879598612352,-0.5262079204542636
-0.4137121628367711,-0.34572818718238507,-2.1777719738381784,-0.9146548529586347,-1.096365141427608,0.12019318070584945,3.0,-1.0071723698357302,-0.6334042232726627,0.0,1.0,-0.3101869991169282,-1.2335492370223708,0.7544151865447145,0.09127470872796581,-1.3573168777083244,-0.5867046162373615,1.0,1.25879278122333,-1.808898840491841
0.3285395455774357,0.6181638268725727,-0.32291290097680797,-1.6789736798963215,0.5386297116687407,1.0160847929628503,4.0,2.0885916192364693,-0.3156704706111506,1.0,0.0,0.607146575553324,-0.7101672942964314,0.4982502948143249,0.015259263674860782,-1.137532343748991,0.5580715239097899,0.0,-0.5569403320889674,-0.0779753654286033
-1.1686801639275646,-0.10542215622738957,1.097425041127987,-0.3211861350785956,-0.9001779271582817,0.9814019110912101,2.0,0.3061528502654507,0.924415926950452,1.0,1.0,0.9524649265666224,-0.7627306140746278,-0.5345641085169218,0.2504451076424788,-0.26173599579714774,0.6957352280978696,3.0,1.1998331209639153,-2.1169725444591263
-0.6312869160051653,-0.8240038374251204,0.6286695956080471,0.21931840836740724,-0.052645522522260194,0.9718464322492001,4.0,-0.7721966548638245,-0.64034329315033,1.0,1.0,-0.19336344748320897,-1.4212915557106067,2.511751335153488,0.23679192256806497,1.3943669818331257,0.7570582790194824,4.0,-0.5011421811704571,-0.5064334903240554
1.4823306518865136,0.9045493974546127,-0.8453882010530647,-0.004423824308439447,-0.30823950195326133,0.17281747293273306,7.0,-0.7392791893368252,-0.06858330621687077,1.0,0.0,-1.0699717999878628,-0.0007136335036137097,-0.40772564342285045,0.36619294205698427,-1.2030693067831275,-1.1374131558261533,1.0,1.4176593746990314,-0.049608703318120756
-1.338384449313751,-1.49863941212055,0.7949930128963749,0.7776927073345162,0.7884162819578935,0.9724133015638522,5.0,-1.2244085502985949,0.7315155654130473,0.0,0.0,-1.350829072213022,1.922530772354526,-0.16250049209245485,0.02213061576431299,-0.16982099234572404,0.19575186906968317,6.0,1.2105887403941333,-2.303265769753817
-0.693502443197935,-0.3878818808692814,0.7974759093673259,-1.1836299963881134,-0.16890643792884427,0.9518304663761236,4.0,0.3054893308672657,-0.4445154099820104,1.0,0.0,-0.014805949677753116,0.8693742551768204,-1.980028036968044,0.06022632730184566,1.0300050264600016,-0.5676483621364323,5.0,0.9729284749613862,0.7100145639161672
-0.3926164660440836,-0.3345064167145329,-0.3132320921154284,-0.9146458127607323,-0.6677348639280452,0.05293074104795147,0.0,-0.8881575885068677,-1.800194001626167,0.0,0.0,0.14956148776050363,-0.9640279019685815,-0.05770107336481457,-0.6208271017414814,-0.808587847816603,0.6688445320396464,2.0,-0.5882541449178027,-1.3593796404740621
-0.6314278609477837,-1.0797496255540493,-0.9484964984752382,1.9878300340528843,-0.452085491315863,0.9538956194823691,5.0,-0.49586162774565395,-0.546662891198717,0.0,1.0,-2.4084388875692846,-0.1033953688202961,2.1391461393449895,-0.6322563264225645,-0.5009760983488272,1.4341552633076124,1.0,0.13552917721228294,-0.6967535567678639
0.3533233978638285,-0.2700338981744502,0.8620936253012961,-0.07386836915482956,-0.2449740396022993,0.1022082708738864,3.0,1.1051871560495747,-0.40611868162947884,0.0,0.0,0.0169798912333761,-0.13323550148728905,0.5558835498876096,-0.061796871525850845,-1.5789311710814546,0.09289416438440506,2.0,1.2590009614165898,0.3909422705732586
0.14125484944211514,-0.07946435671508423,-1.243211843799898,-0.27622947188089875,-0.06390599043951263,1.0387939216071362,6.0,-0.8116071058062118,-0.7377737960641304,0.0,0.0,0.9141214222221885,0.45856266656471395,0.8460862050732108,0.49859387747279266,-0.7107764249105261,0.375726620015119,2.0,-0.6048088859145957,0.006096853199094542
0.5335639895002439,-0.11717144012553808,0.012426878398986568,-0.4162040997619433,1.1241330885782472,0.7306974750180568,5.0,-0.0074376889095823795,0.5967035120026177,1.0,0.0,0.14724888208505346,-0.06458533106639698,-0.03789108393070281,1.2307049370191203,-0.9222078532437139,0.10869194062020823,0.0,0.21963797416032774,1.1902656991183704
0.6542243930834754,-0.06743873960162376,0.7085686852911411,-0.6134687841685383,-0.10842746319288801,-0.15853997179960055,1.0,-0.5564206414351998,-1.066707128283573,1.0,1.0,0.0005893434009479378,-0.47464727635126247,0.3172895227090754,0.4875637995375883,-0.1219726892163901,-0.9509702563301751,3.0,0.5812282626643009,0.8566575231482697
0.5334312881628984,-0.28789174272908985,0.778123983566999,0.7570006904029748,-0.4911046459158007,1.129609172746324,6.0,0.18809573587548498,0.6952790739616657,1.0,1.0,0.2713527345898658,1.8394337679795845,1.4605669364357199,0.8347711364981419,-1.0665994151081104,-0.5260020553743037,1.0,-0.3988673039116451,0.35055424366516447
6.844085030403876,-0.3662131952520409,-4.1527934872157966,-3.9244064263016165,8.153985036288795,4.855319536315135,10.0,-0.8649405666429776,3.0477324227684415,5.0,5.0,2.443125393136796,-1.555707445420183,6.097100713585929,-2.4553362263106084,5.5043464608461,1.1979641681125708,10.0,-4.214129454614641,-0.9424291219005381
0.9691032814648932,-0.9324688634267668,-1.8350683562672436,-0.2435739621153891,1.874860490468999,1.1535459177370977,4.0,-0.3647855396751422,-0.06330417048226862,1.0,0.0,-0.6750190369988662,-0.513470751019641,-0.35736316159153053,0.7462255632362007,-1.0640818663486624,0.8218687398273767,5.0,-0.9780910537971956,-0.722138619208123
-1.1382321477600281,-15.341538168216626,7.87400375885622,-4.922375759929172,4.085045958264074,0.15223476371804168,5.0,6.095107868551312,8.262998770363724,0.0,0.0,7.426918377364227,8.009131321025144,0.20136532937864654,-4.998814712741483,-2.277365340644061,6.919832503734857,15.0,7.954439610816092,-6.227474654443128
1.439757157071313,0.44049979398872985,-0.04867181307727081,-2.838515410845066,0.9469435971875427,0.14228250622224015,6.0,1.119060014034103,-0.8387743137957198,1.0,1.0,0.5631105015814275,0.19722948474138038,0.7154656100469048,-0.9491058959215052,-0.7383825681200912,2.1071315243225563,3.0,1.2811425444782638,-1.1829184888541773
-0.6033505965510989,-0.2860867094817099,-0.37617522230514305,-0.45666170121619637,0.7277646582367941,1.2247357324874404,4.0,-1.8555568779596372,-0.22558391514742981,1.0,0.0,0.03949406982844064,0.29407333127384894,-0.6398494324542574,1.1487968410667535,-0.4536863967211998,-0.09438867217825878,5.0,1.009462742869329,0.8884559851031439
-0.44311801070133455,-0.3101553441944219,-1.4097241097496627,-0.016786652033245475,0.260591330884748,0.10560615975628018,3.0,-2.6913202925059765,-1.3396686188837688,0.0,0.0,0.08668782946268347,1.582626388375624,0.0986567841362864,-1.1089207673818993,2.7651024753049613,-0.06256811096598021,3.0,1.3178478951195554,1.3239914276934928
0.08106236303065682,-1.626411554580726,0.6422811040683509,-0.2183377197037367,-0.13764268938442606,0.05649485000367832,5.0,1.2737461927475164,2.2336638573803844,0.0,1.0,-0.37839177108968447,0.19997879610438068,-0.40114485565698277,1.4603215230406446,-0.8172333438529736,-0.626969769272645,3.0,0.5385961319499083,-0.9384322254666375
0.8240661706560113,-1.7807096820518393,2.4626806314121272,1.335512994244941,-0.852464328984389,0.06157687243177228,1.0,-0.19186826043935495,0.733148561006493,0.0,0.0,1.4415213453099782,-0.6679526005175761,-0.001296473768967961,0.15052924717053728,0.5631778247905729,-0.018681410596656706,2.0,-0.39040315671151693,0.20642883954635122
0.29285294831123326,-0.042338583371962696,0.19743242532105754,0.016646228136729904,0.15382585749956754,-0.2164099849934186,1.0,0.00391215862152048,-0.6221235503027995,1.0,1.0,1.3189702138363606,0.5094051235601014,0.43698557337659666,0.981230113444214,-1.1012270898171144,-0.1470492385766396,2.0,-0.26692865811727806,1.0143106614042712
-0.1521628276475057,-0.06972615722218888,-1.1312214010294737,0.5509139130394174,-0.8306825928483914,0.9015334752504389,3.0,1.415732878765914,0.554078542986158,1.0,1.0,0.04619402531644543,-2.083817076006349,-0.0881729812826225,-0.5304260983487071,1.198685332676644,0.4619715522790711,4.0,-0.9530296357748483,-1.0402583233053397
-0.14258473994983004,2.261437826467046,-3.485705331618305,1.7861517823537008,-0.5381715647119653,1.14887646040004,4.0,-0.9854715353361309,1.7158561135309418,1.0,0.0,0.5526411464551452,2.3275672859976173,0.7891857852328334,-1.0553475907961476,0.18449788396452912,-0.6435723790000519,2.0,0.7936569451500538,0.9491956713924662
1.1466713356355527,-0.8729221964233478,-0.9266922272472375,0.6976485493538417,-0.6574344419280305,0.05687798271275986,2.0,0.1269379533435833,0.31741411680702597,0.0,0.0,2.1649416076742853,-1.2806738797771335,0.8839499359352898,0.8794869875961617,0.27817407341329126,-2.517037599528096,2.0,-0.7243802580803208,0.15466629927216924
-0.06484580863663014,-0.11634535720247985,1.434071412610756,-0.8218854677991425,2.3830994924374127,0.02766966708154004,1.0,-0.20685922449673405,-1.357565823218287,1.0,1.0,0.49924108290971353,-0.02259482129318931,0.49786115456641045,-0.940056131328424,0.5813938628481266,-1.7085451875888502,3.0,-0.03817166857018892,-2.844722627373941
0.7159568821368065,-0.7738668664386787,0.28820320872932403,-0.8359389974714415,-0.4279257607339845,0.02574170724367448,5.0,0.9878385098930917,0.658731783100036,1.0,0.0,-1.3535470002340968,0.38923313106819846,0.4055752143301886,1.8238699434536256,1.3152454921167767,-0.9508198666057457,5.0,0.1832788040685527,-0.6981873835208177
-2.2402690838981343,1.1105957627807335,-0.29434323118021294,-1.351510121136731,1.9339806127972161,-0.08098339127638413,2.0,0.13160478930169725,-0.8391512470391027,0.0,1.0,0.7036703821381547,-2.3820237467928314,0.7160469614593191,-0.042671669672322735,1.6257402547864546,1.6289690814251494,3.0,0.06463248927353464,0.4947104121858798
-1.8508894926184427,1.0927573717860446,0.48004811071408743,1.194360779126702,1.1153571502044801,-0.04086390938757811,2.0,-0.39641476995607894,0.539256032637757,0.0,1.0,-1.6291328490962755,-0.7375973003856896,1.0691757251963359,0.20208815592095786,1.3954632690698732,0.9844374147167856,2.0,0.8778043590287093,-0.21507371090615443
6.435958438285851,5.162271363472857,-7.031437372551364,11.413493579982433,-0.7893848111443423,4.993547869139549,25.0,-3.147385586726849,-3.687392407662185,0.0,0.0,-4.706855732846946,8.843760744766723,-8.17807897340366,3.851565328896654,-5.095613566192353,0.20251488566653716,20.0,7.370005671069352,1.0403042861752012
-2.3933552930050386,-0.3023152112657423,-0.6046138691899302,0.5297355856554513,0.3843438716221399,1.0722861697146864,2.0,0.4153120169567517,0.4190100223117288,1.0,1.0,-0.08535044202983996,1.2354188720692671,-0.773010760949302,-2.035789609637471,0.8962720362440358,0.1264892021571234,2.0,0.02409997479144558,-0.15187759226201397
-9.152136430049412,-3.504989070218634,-0.9753355543994313,-1.460885377488816,-0.13820034458401487,4.969267503986174,20.0,-2.1276108072482725,0.17916152545995268,5.0,5.0,1.2384329591772356,7.719433220294181,-2.7702552566038507,2.1252459606850875,-0.6600431321599063,-4.462868790655836,5.0,4.105592871274851,-0.4099111001529107
0.002954869937388746,-4.788053886010429,-2.3089667994643475,7.339340430316898,-7.79022621059534,-0.13723590115100018,10.0,-8.766708557346183,-7.965877950128808,5.0,5.0,5.439277207025928,-1.726649006462765,-5.387920441870529,-1.187979620794421,6.693329889819224,-3.2181622372443446,15.0,0.629437485103138,-8.247178629770534
0.8789919388840965,-0.3346911144065637,0.12089613696287078,0.9850596358837813,2.3337461208723718,1.011363028354317,3.0,0.06422517456956245,-0.2025702028383681,0.0,0.0,2.017688175823924,1.269646811387799,-0.41766637812333046,-0.5679634915915541,-2.0631968403509306,-0.1584956368969625,1.0,0.07130172807531039,0.33241864791158965
-2.188400961338928,-0.5763364126715089,-0.40562142856080113,-0.9571014031399024,1.0479713254201375,0.7193274464087676,2.0,-2.6789439969247097,0.27616684396954005,1.0,0.0,0.19921092395928974,0.5831681992996617,0.22771565057855966,0.48986830340192056,0.22990698873974844,-0.8975093912909632,1.0,0.38391361037943095,-1.1306966950519168
-0.03687229763022307,-0.1231057468088478,-0.047012093927783806,0.09697250060585427,-0.6971572572309068,0.8975511919951122,4.0,1.2353498957832982,1.1667971639198098,0.0,1.0,0.310756359465088,-0.11357244180360138,-0.2016724944790521,-3.603457704456271,-1.3296232579123397,2.2031721955192327,2.0,2.1658064099634022,0.12309824504550156
0.7706160586750207,-0.11678628651769157,-0.17809015880106485,0.19818178125193797,1.02450881283022,0.9481752023903365,3.0,-1.3129969274932352,-0.959239044775613,0.0,1.0,0.6820135836190321,0.6464190981806835,-0.257370852632259,0.051951757377085364,0.5933496430384043,1.5008456921634215,2.0,1.4538736756074768,-0.24384553399616699
-0.5408404182396382,0.4083304804149282,0.2473867117225565,-0.4132008291376871,-0.7321703193929567,-0.09543000862252954,3.0,0.5491106649452031,0.0894813418349475,0.0,1.0,-0.813006020658243,0.23435123042398862,0.8840101108076799,1.1648053639912976,-0.5992024634050873,1.7275145321540164,5.0,0.4340487094297795,0.12849619039562174
-0.28409634118975297,-0.35248442484032755,-1.2225286931868644,-0.31616079557854165,-0.45950716705018546,0.184638504902825,4.0,0.9903775717136674,0.13174304535255485,1.0,0.0,-0.8619598207126297,0.5440240171958901,0.43734220528528256,0.023591063329071602,-1.0788874687539731,-0.846544175240469,3.0,-0.1448874059441913,0.1925727339169772
0.7944507146477677,0.3261658084991414,-0.9587059277336369,0.7461751749217171,-2.0915080540742848,-0.0722025346131121,6.0,0.6562834728150134,-1.4909937184179816,1.0,0.0,-0.49515360989122104,-1.2145240570456297,-0.40219461479658386,0.5647073660678318,-1.8919259043909284,0.061003693495058034,2.0,-0.3777464941341097,1.8604783747890592
0.18986465970543817,-0.3499538485495797,0.674427936680355,1.2689764453600887,0.0028330141287782854,1.0053317746012038,1.0,1.9145378729760392,2.5844091537169964,0.0,0.0,-0.08687618393077294,0.8703779675948247,-0.5413956327875867,-0.634956603753419,-0.6941116678838524,1.9204577331440318,3.0,-0.18726873250713,2.464561974008497
-0.10484648383460703,-0.3615809576932675,0.07143988139934171,1.0038805983605203,-0.7338499114769506,-0.09369063621564652,4.0,-0.35191786968516187,-1.0229118590254136,1.0,0.0,-0.9895611085102942,-2.1611688634164596,-0.6952989640996886,-0.7937641361010859,0.2352257927590727,-1.3707304718921958,5.0,0.7730377106264648,0.1983100978064969
-4.064114940218043,-1.1743160996989832,5.897563875887889,3.4812429169710843,5.569127960625682,5.14510774693332,0.0,2.377857249124762,-1.9628782084371998,0.0,0.0,-1.790923939452278,-3.3668795788088213,10.680126379426929,-4.078964379841911,2.237395173945343,1.2021367989253586,10.0,0.08944320832202819,1.8362108986176262
-3.537628692483483,0.3846894075464863,3.030633412584211,8.58811668523435,2.277145138492178,0.12668612676546326,5.0,0.1563379981418931,3.012129219388848,0.0,0.0,2.4964100146975383,-7.948255836534301,-5.18359185599532,-4.300671051644232,-0.9562905426836721,-3.778199162613997,5.0,-0.9740127300168372,6.815454928269078
0.2917172685120906,0.3904435011348864,-0.9114170462211597,-0.4268912793898284,0.31318472994475666,1.085703380681615,3.0,0.09383841632623534,0.5540905861896005,0.0,1.0,0.5787538883828475,2.116739743384278,0.40497861655639716,-0.8288770370371695,-0.38294069884293663,0.0022869329402700894,2.0,0.22200351408419644,0.5289198886735879
-0.31617302645281814,1.2024527978893382,2.18936877138785,-0.36298598772383683,0.43792887610398123,-0.13722982014828525,4.0,0.09696312442621804,1.919824107468238,1.0,0.0,-0.5514449831092602,3.8600891193908033,-2.0437950080625367,-0.8778109773511207,0.5159085408743663,2.0251349207027234,5.0,-0.07968226638956914,1.8625288518078265
